-1.6938,737.767,106.423
-1.793,737.5286,106.255
-1.8923,737.2902,106.087
-1.9916,737.0517,105.9191
-2.0908,736.8133,105.7511
-2.1901,736.5749,105.5831
-2.2893,736.3365,105.4151
-2.3885,736.098,105.2472
-2.4877,735.8596,105.0792
-2.5869,735.6212,104.9113
-2.686,735.3827,104.7434
-2.7852,735.1443,104.5755
-2.8843,734.9058,104.4076
-2.9833,734.6673,104.2397
-3.0823,734.4289,104.0718
-3.1813,734.1904,103.904
-3.2803,733.9519,103.7362
-3.3792,733.7134,103.5684
-3.478,733.4749,103.4006
-3.5769,733.2363,103.2329
-3.6756,732.9978,103.0651
-3.7743,732.7592,102.8974
-3.873,732.5207,102.7297
-3.9716,732.2821,102.5621
-4.0701,732.0435,102.3945
-4.1686,731.8048,102.2269
-4.267,731.5662,102.0594
-4.3653,731.3276,101.8919
-4.4636,731.0889,101.7244
-4.5617,730.8502,101.5569
-4.6598,730.6115,101.3895
-4.7579,730.3728,101.2222
-4.8558,730.134,101.0549
-4.9537,729.8952,100.8876
-5.0514,729.6565,100.7204
-5.1491,729.4176,100.5532
-5.2467,729.1788,100.386
-5.3442,728.9399,100.219
-5.4416,728.701,100.0519
-5.5388,728.4621,99.8849
-5.636,728.2232,99.718
-5.7331,727.9842,99.5511
-5.8301,727.7452,99.3843
-5.9269,727.5062,99.2175
-6.0236,727.2672,99.0508
-6.1203,727.0281,98.8841
-6.2168,726.789,98.7175
-6.3131,726.5498,98.551
-6.4094,726.3107,98.3845
-6.5055,726.0715,98.2181
-6.6015,725.8322,98.0518
-6.6974,725.593,97.8855
-6.7931,725.3536,97.7193
-6.8887,725.1143,97.5531
-6.9841,724.8749,97.3871
-7.0794,724.6355,97.2211
-7.1746,724.3961,97.0552
-7.2696,724.1566,96.8893
-7.3644,723.9171,96.7235
-7.4591,723.6775,96.5578
-7.5537,723.4379,96.3922
-7.6481,723.1983,96.2267
-7.7423,722.9586,96.0612
-7.8363,722.7189,95.8958
-7.9302,722.4791,95.7305
-8.024,722.2393,95.5653
-8.1175,721.9995,95.4002
-8.2109,721.7596,95.2352
-8.3041,721.5197,95.0702
-8.3971,721.2797,94.9054
-8.4899,721.0396,94.7406
-8.5826,720.7996,94.5759
-8.6751,720.5595,94.4114
-8.7673,720.3193,94.2469
-8.8594,720.0791,94.0825
-8.9513,719.8388,93.9182
-9.043,719.5985,93.754
-9.1345,719.3582,93.5899
-9.2258,719.1177,93.4259
-9.3169,718.8773,93.262
-9.4078,718.6368,93.0982
-9.4985,718.3962,92.9345
-9.5889,718.1556,92.771
-9.6792,717.9149,92.6075
-9.7692,717.6742,92.4441
-9.859,717.4334,92.2809
-9.9486,717.1926,92.1177
-10.038,716.9517,91.9547
-10.1271,716.7107,91.7918
-10.216,716.4697,91.629
-10.3047,716.2286,91.4663
-10.3931,715.9875,91.3037
-10.4813,715.7463,91.1413
-10.5693,715.5051,90.9789
-10.657,715.2638,90.8167
-10.7445,715.0224,90.6546
-10.8318,714.781,90.4927
-10.9188,714.5395,90.3308
-11.0055,714.298,90.1691
-11.092,714.0564,90.0075
-11.1782,713.8147,89.8461
-11.2642,713.5729,89.6847
-11.3499,713.3311,89.5235
-11.4354,713.0893,89.3624
-11.5205,712.8473,89.2015
-11.6055,712.6053,89.0407
-11.6901,712.3633,88.88
-11.7745,712.1211,88.7195
-11.8586,711.8789,88.5591
-11.9424,711.6366,88.3988
-12.026,711.3943,88.2387
-12.1093,711.1519,88.0787
-12.1923,710.9094,87.9189
-12.275,710.6668,87.7592
-12.3574,710.4242,87.5996
-12.4395,710.1815,87.4402
-12.5213,709.9387,87.2809
-12.6029,709.6959,87.1218
-12.6841,709.4529,86.9629
-12.7651,709.2099,86.804
-12.8457,708.9669,86.6454
-12.926,708.7237,86.4869
-13.0061,708.4805,86.3285
-13.0858,708.2372,86.1703
-13.1652,707.9938,86.0122
-13.2443,707.7504,85.8543
-13.3231,707.5068,85.6966
-13.4016,707.2632,85.539
-13.4798,707.0195,85.3816
-13.5576,706.7757,85.2243
-13.6351,706.5319,85.0672
-13.7123,706.2879,84.9103
-13.7892,706.0439,84.7535
-13.8657,705.7998,84.5969
-13.9419,705.5556,84.4404
-14.0178,705.3114,84.2841
-14.0933,705.067,84.128
-14.1685,704.8226,83.9721
-14.2434,704.5781,83.8163
-14.3179,704.3335,83.6607
-14.3921,704.0888,83.5053
-14.4659,703.844,83.35
-14.5394,703.5991,83.1949
-14.6125,703.3542,83.04
-14.6853,703.1091,82.8853
-14.7577,702.864,82.7307
-14.8298,702.6188,82.5763
-14.9015,702.3735,82.4221
-14.9729,702.1281,82.2681
-15.0439,701.8826,82.1142
-15.1145,701.637,81.9606
-15.1848,701.3914,81.8071
-15.2547,701.1456,81.6538
-15.3242,700.8998,81.5007
-15.3933,700.6538,81.3478
-15.4621,700.4078,81.195
-15.5305,700.1616,81.0425
-15.5986,699.9154,80.8901
-15.6662,699.6691,80.7379
-15.7335,699.4227,80.5859
-15.8004,699.1762,80.4341
-15.8669,698.9296,80.2825
-15.933,698.6829,80.1311
-15.9988,698.4361,79.9799
-16.0641,698.1892,79.8289
-16.1291,697.9422,79.6781
-16.1936,697.6951,79.5274
-16.2578,697.4479,79.377
-16.3216,697.2006,79.2268
-16.3849,696.9532,79.0768
-16.4479,696.7057,78.9269
-16.5105,696.4581,78.7773
-16.5726,696.2104,78.6279
-16.6344,695.9626,78.4786
-16.6958,695.7147,78.3296
-16.7567,695.4667,78.1808
-16.8172,695.2186,78.0322
-16.8774,694.9704,77.8838
-16.9371,694.7221,77.7356
-16.9964,694.4737,77.5876
-17.0552,694.2252,77.4398
-17.1137,693.9766,77.2922
-17.1717,693.7279,77.1448
-17.2293,693.479,76.9977
-17.2865,693.2301,76.8507
-17.3433,692.981,76.704
-17.3996,692.7319,76.5575
-17.4556,692.4826,76.4112
-17.511,692.2333,76.2651
-17.5661,691.9838,76.1192
-17.6207,691.7342,75.9736
-17.6749,691.4845,75.8281
-17.7286,691.2347,75.6829
-17.7819,690.9848,75.5379
-17.8348,690.7348,75.3931
-17.8872,690.4847,75.2486
-17.9392,690.2344,75.1042
-17.9908,689.9841,74.9601
-18.0419,689.7336,74.8162
-18.0925,689.4831,74.6725
-18.1427,689.2324,74.5291
-18.1925,688.9816,74.3859
-18.2418,688.7307,74.2429
-18.2907,688.4797,74.1001
-18.3391,688.2285,73.9575
-18.387,687.9773,73.8152
-18.4345,687.7259,73.6731
-18.4815,687.4744,73.5313
-18.5281,687.2229,73.3896
-18.5742,686.9712,73.2482
-18.6199,686.7193,73.1071
-18.6651,686.4674,72.9661
-18.7098,686.2153,72.8254
-18.7541,685.9632,72.6849
-18.7979,685.7109,72.5447
-18.8412,685.4585,72.4047
-18.8841,685.206,72.2649
-18.9265,684.9533,72.1253
-18.9684,684.7006,71.986
-19.0098,684.4477,71.847
-19.0508,684.1947,71.7081
-19.0913,683.9416,71.5695
-19.1313,683.6884,71.4312
-19.1709,683.435,71.293
-19.2099,683.1816,71.1552
-19.2485,682.928,71.0175
-19.2866,682.6743,70.8801
-19.3243,682.4204,70.743
-19.3614,682.1665,70.606
-19.3981,681.9124,70.4694
-19.4343,681.6582,70.3329
-19.47,681.4039,70.1967
-19.5052,681.1495,70.0608
-19.5399,680.8949,69.9251
-19.5741,680.6403,69.7896
-19.6079,680.3855,69.6544
-19.6411,680.1306,69.5194
-19.6739,679.8755,69.3847
-19.7062,679.6203,69.2502
-19.7379,679.365,69.116
-19.7692,679.1096,68.982
-19.8,678.8541,68.8482
-19.8303,678.5984,68.7147
-19.8601,678.3426,68.5815
-19.8894,678.0867,68.4485
-19.9182,677.8307,68.3158
-19.9465,677.5745,68.1833
-19.9743,677.3183,68.051
-20.0016,677.0618,67.919
-20.0284,676.8053,67.7873
-20.0547,676.5487,67.6558
-20.0804,676.2919,67.5245
-20.1057,676.035,67.3935
-20.1305,675.7779,67.2628
-20.1548,675.5207,67.1323
-20.1786,675.2635,67.0021
-20.2018,675.006,66.8721
-20.2246,674.7485,66.7424
-20.2468,674.4908,66.6129
-20.2685,674.233,66.4837
-20.2898,673.9751,66.3548
-20.3105,673.717,66.226
-20.3307,673.4588,66.0976
-20.3504,673.2005,65.9694
-20.3696,672.9421,65.8415
-20.3882,672.6835,65.7138
-20.4064,672.4248,65.5864
-20.424,672.166,65.4592
-20.4411,671.9071,65.3323
-20.4578,671.648,65.2056
-20.4738,671.3888,65.0792
-20.4894,671.1294,64.9531
-20.5045,670.87,64.8272
-20.519,670.6104,64.7016
-20.5331,670.3506,64.5763
-20.5466,670.0908,64.4511
-20.5596,669.8308,64.3263
-20.572,669.5707,64.2017
-20.584,669.3104,64.0774
-20.5954,669.05,63.9533
-20.6063,668.7895,63.8295
-20.6167,668.5289,63.706
-20.6266,668.2681,63.5827
-20.6359,668.0072,63.4597
-20.6448,667.7462,63.3369
-20.6531,667.4851,63.2144
-20.6609,667.2238,63.0922
-20.6681,666.9623,62.9702
-20.6749,666.7008,62.8485
-20.6811,666.4391,62.727
-20.6868,666.1773,62.6058
-20.6919,665.9154,62.4849
-20.6966,665.6533,62.3642
-20.7007,665.3911,62.2438
-20.7043,665.1288,62.1237
-20.7074,664.8663,62.0038
-20.7099,664.6037,61.8842
-20.7119,664.341,61.7648
-20.7134,664.0781,61.6457
-20.7144,663.8151,61.5269
-20.7149,663.552,61.4083
-20.7148,663.2887,61.29
-20.7142,663.0254,61.172
-20.7131,662.7618,61.0542
-20.7114,662.4982,60.9367
-20.7092,662.2344,60.8194
-20.7065,661.9705,60.7024
-20.7033,661.7065,60.5857
-20.6996,661.4423,60.4692
-20.6953,661.178,60.353
-20.6905,660.9136,60.237
-20.6852,660.649,60.1214
-20.6793,660.3843,60.0059
-20.6729,660.1195,59.8908
-20.666,659.8545,59.7759
-20.6586,659.5894,59.6612
-20.6507,659.3242,59.5469
-20.6422,659.0588,59.4328
-20.6332,658.7933,59.3189
-20.6237,658.5277,59.2053
-20.6136,658.262,59.092
-20.603,657.9961,58.979
-20.5919,657.7301,58.8662
-20.5803,657.464,58.7536
-20.5682,657.1977,58.6413
-20.5555,656.9313,58.5293
-20.5423,656.6648,58.4176
-20.5286,656.3981,58.3061
-20.5144,656.1313,58.1949
-20.4996,655.8644,58.0839
-20.4843,655.5973,57.9732
-20.4685,655.3301,57.8627
-20.4522,655.0628,57.7526
-20.4353,654.7954,57.6426
-20.418,654.5278,57.533
-20.4001,654.2601,57.4236
-20.3817,653.9923,57.3144
-20.3628,653.7243,57.2055
-20.3433,653.4562,57.0969
-20.3234,653.188,56.9885
-20.3029,652.9196,56.8804
-20.2819,652.6511,56.7726
-20.2604,652.3825,56.665
-20.2384,652.1138,56.5577
-20.2158,651.8449,56.4506
-20.1927,651.5759,56.3438
-20.1692,651.3068,56.2372
-20.1451,651.0375,56.1309
-20.1205,650.7681,56.0249
-20.0954,650.4986,55.9191
-20.0697,650.229,55.8135
-20.0436,649.9592,55.7083
-20.0169,649.6893,55.6032
-19.9898,649.4193,55.4985
-19.9621,649.1491,55.394
-19.9339,648.8789,55.2897
-19.9052,648.6085,55.1857
-19.876,648.3379,55.082
-19.8463,648.0673,54.9785
-19.8161,647.7965,54.8752
-19.7853,647.5255,54.7723
-19.7541,647.2545,54.6695
-19.7224,646.9833,54.5671
-19.6901,646.712,54.4648
-19.6574,646.4406,54.3629
-19.6241,646.1691,54.2611
-19.5904,645.8974,54.1597
-19.5561,645.6256,54.0584
-19.5214,645.3537,53.9575
-19.4861,645.0816,53.8567
-19.4504,644.8095,53.7563
-19.4141,644.5372,53.656
-19.3774,644.2648,53.5561
-19.3402,643.9922,53.4563
-19.3024,643.7195,53.3569
-19.2642,643.4468,53.2576
-19.2255,643.1738,53.1586
-19.1863,642.9008,53.0599
-19.1466,642.6276,52.9614
-19.1064,642.3544,52.8632
-19.0657,642.081,52.7651
-19.0245,641.8074,52.6674
-18.9829,641.5338,52.5699
-18.9407,641.26,52.4726
-18.8981,640.9861,52.3756
-18.855,640.7121,52.2788
-18.8114,640.438,52.1822
-18.7673,640.1637,52.0859
-18.7227,639.8893,51.9899
-18.6777,639.6148,51.894
-18.6321,639.3402,51.7984
-18.5861,639.0655,51.7031
-18.5397,638.7906,51.608
-18.4927,638.5157,51.5131
-18.4453,638.2406,51.4185
-18.3974,637.9654,51.3241
-18.349,637.69,51.2299
-18.3002,637.4146,51.136
-18.2508,637.139,51.0423
-18.2011,636.8633,50.9489
-18.1508,636.5875,50.8556
-18.1001,636.3116,50.7627
-18.0489,636.0356,50.6699
-17.9973,635.7595,50.5774
-17.9452,635.4832,50.4851
-17.8926,635.2068,50.393
-17.8396,634.9303,50.3012
-17.7861,634.6537,50.2096
-17.7321,634.377,50.1182
-17.6777,634.1002,50.0271
-17.6229,633.8232,49.9361
-17.5676,633.5462,49.8454
-17.5118,633.269,49.755
-17.4556,632.9917,49.6647
-17.399,632.7143,49.5747
-17.3418,632.4368,49.4849
-17.2843,632.1592,49.3953
-17.2263,631.8814,49.306
-17.1679,631.6036,49.2169
-17.109,631.3256,49.128
-17.0497,631.0476,49.0393
-16.9899,630.7694,48.9508
-16.9297,630.4911,48.8626
-16.8691,630.2127,48.7745
-16.808,629.9342,48.6867
-16.7465,629.6556,48.5991
-16.6846,629.3769,48.5117
-16.6222,629.0981,48.4246
-16.5594,628.8191,48.3376
-16.4962,628.5401,48.2509
-16.4325,628.2609,48.1644
-16.3685,627.9817,48.0781
-16.304,627.7023,47.992
-16.2391,627.4229,47.9061
-16.1738,627.1433,47.8204
-16.108,626.8636,47.7349
-16.0418,626.5839,47.6496
-15.9753,626.304,47.5646
-15.9083,626.024,47.4797
-15.8409,625.7439,47.3951
-15.7731,625.4637,47.3106
-15.7049,625.1835,47.2264
-15.6363,624.9031,47.1423
-15.5672,624.6226,47.0585
-15.4978,624.342,46.9749
-15.428,624.0613,46.8914
-15.3578,623.7805,46.8082
-15.2871,623.4996,46.7252
-15.2161,623.2186,46.6423
-15.1447,622.9375,46.5597
-15.0729,622.6564,46.4772
-15.0007,622.3751,46.395
-14.9282,622.0937,46.3129
-14.8552,621.8122,46.2311
-14.7819,621.5307,46.1494
-14.7081,621.249,46.0679
-14.634,620.9672,45.9866
-14.5595,620.6854,45.9055
-14.4847,620.4034,45.8246
-14.4094,620.1214,45.7439
-14.3338,619.8392,45.6633
-14.2578,619.557,45.583
-14.1815,619.2747,45.5028
-14.1048,618.9923,45.4228
-14.0277,618.7098,45.343
-13.9502,618.4272,45.2634
-13.8724,618.1445,45.1839
-13.7943,617.8617,45.1047
-13.7157,617.5788,45.0256
-13.6369,617.2959,44.9467
-13.5576,617.0129,44.8679
-13.478,616.7297,44.7894
-13.3981,616.4465,44.711
-13.3178,616.1632,44.6328
-13.2372,615.8798,44.5548
-13.1562,615.5963,44.4769
-13.0749,615.3128,44.3992
-12.9933,615.0291,44.3217
-12.9113,614.7454,44.2443
-12.829,614.4616,44.1672
-12.7463,614.1777,44.0901
-12.6633,613.8937,44.0133
-12.58,613.6096,43.9366
-12.4964,613.3255,43.8601
-12.4124,613.0413,43.7837
-12.3281,612.757,43.7075
-12.2435,612.4726,43.6315
-12.1586,612.1881,43.5556
-12.0733,611.9036,43.4798
-11.9878,611.6189,43.4043
-11.9019,611.3342,43.3289
-11.8157,611.0494,43.2536
-11.7292,610.7646,43.1785
-11.6424,610.4797,43.1036
-11.5553,610.1947,43.0288
-11.4679,609.9096,42.9541
-11.3802,609.6244,42.8796
-11.2922,609.3392,42.8053
-11.204,609.0539,42.7311
-11.1154,608.7685,42.657
-11.0265,608.483,42.5831
-10.9374,608.1975,42.5093
-10.8479,607.9119,42.4357
-10.7582,607.6263,42.3622
-10.6682,607.3405,42.2889
-10.5779,607.0547,42.2157
-10.4874,606.7688,42.1426
-10.3965,606.4829,42.0697
-10.3054,606.1969,41.9969
-10.214,605.9108,41.9242
-10.1224,605.6247,41.8517
-10.0305,605.3385,41.7793
-9.9383,605.0522,41.707
-9.8459,604.7658,41.6349
-9.7532,604.4794,41.5629
-9.6603,604.193,41.491
-9.5633,603.8923,41.4251
-9.4664,603.5916,41.3592
-9.3694,603.291,41.2933
-9.2723,602.9905,41.2275
-9.1751,602.6901,41.1618
-9.0778,602.3899,41.0961
-8.9803,602.0899,41.0305
-8.8827,601.7902,40.9651
-8.7849,601.4907,40.8997
-8.6869,601.1915,40.8346
-8.5886,600.8927,40.7695
-8.4901,600.5942,40.7047
-8.3912,600.2962,40.6401
-8.2921,599.9985,40.5757
-8.1926,599.7014,40.5115
-8.0927,599.4048,40.4475
-7.9925,599.1087,40.3838
-7.8918,598.8131,40.3204
-7.7908,598.5182,40.2573
-7.6892,598.2239,40.1945
-7.5872,597.9303,40.132
-7.4847,597.6374,40.0699
-7.3816,597.3452,40.0081
-7.278,597.0538,39.9466
-7.1739,596.7632,39.8856
-7.0691,596.4734,39.825
-6.9637,596.1845,39.7647
-6.8577,595.8965,39.705
-6.751,595.6094,39.6456
-6.6437,595.3232,39.5867
-6.5356,595.038,39.5283
-6.4268,594.7539,39.4704
-6.3173,594.4708,39.413
-6.207,594.1887,39.3561
-6.0959,593.9078,39.2997
-5.984,593.628,39.2439
-5.8712,593.3493,39.1887
-5.7576,593.0719,39.134
-5.6432,592.7956,39.0799
-5.5278,592.5206,39.0264
-5.4116,592.2469,38.9735
-5.2944,591.9745,38.9213
-5.1762,591.7034,38.8697
-5.0571,591.4336,38.8187
-4.937,591.1652,38.7684
-4.8159,590.8983,38.7188
-4.6938,590.6327,38.6699
-4.5706,590.3687,38.6217
-4.4464,590.1061,38.5742
-4.3211,589.845,38.5274
-4.1947,589.5854,38.4814
-4.0672,589.3274,38.4361
-3.9385,589.0709,38.3915
-3.8087,588.8161,38.3478
-3.6778,588.5628,38.3048
-3.5457,588.3112,38.2626
-3.4124,588.0613,38.2213
-3.2779,587.8131,38.1807
-3.1421,587.5665,38.141
-3.0051,587.3217,38.1021
-2.8669,587.0786,38.064
-2.7274,586.8373,38.0268
-2.5867,586.5978,37.9904
-2.4446,586.36,37.955
-2.3013,586.1241,37.9204
-2.1566,585.8901,37.8866
-2.0106,585.6578,37.8538
-1.8633,585.4275,37.8219
-1.7146,585.199,37.7909
-1.5646,584.9725,37.7608
-1.4132,584.7478,37.7317
-1.2604,584.5251,37.7034
-1.1062,584.3043,37.6761
-0.9506,584.0855,37.6498
-0.7936,583.8686,37.6244
-0.6351,583.6538,37.6
-0.4753,583.4409,37.5765
-0.314,583.23,37.554
-0.1513,583.0212,37.5325
0.0129,582.8144,37.512
0.1786,582.6096,37.4924
0.3457,582.4069,37.4738
0.5143,582.2062,37.4563
0.6844,582.0076,37.4397
0.8559,581.8111,37.4241
1.029,581.6166,37.4096
1.2035,581.4242,37.396
1.3796,581.234,37.3835
1.5571,581.0458,37.3719
1.7361,580.8597,37.3614
1.9167,580.6757,37.3519
2.0988,580.4939,37.3434
2.2824,580.3142,37.336
2.4675,580.1366,37.3296
2.6541,579.9611,37.3242
2.8423,579.7877,37.3198
3.0319,579.6164,37.3164
3.2231,579.4473,37.3141
3.4158,579.2803,37.3128
3.6101,579.1155,37.3126
3.8059,578.9527,37.3133
4.0031,578.7921,37.3151
4.2019,578.6336,37.3179
4.4023,578.4773,37.3218
4.6041,578.323,37.3266
4.8075,578.1709,37.3325
5.0123,578.0208,37.3394
5.2187,577.8729,37.3473
5.4266,577.7271,37.3563
5.6359,577.5833,37.3662
5.8468,577.4417,37.3772
6.0592,577.3021,37.3891
6.273,577.1646,37.4021
6.4883,577.0292,37.416
6.7051,576.8958,37.431
6.9234,576.7644,37.4469
7.1431,576.6352,37.4639
7.3643,576.5079,37.4818
7.5869,576.3827,37.5006
7.811,576.2594,37.5205
8.0364,576.1382,37.5413
8.2634,576.0189,37.5631
8.4917,575.9016,37.5858
8.7214,575.7863,37.6095
8.9525,575.6729,37.6341
9.185,575.5615,37.6596
9.4189,575.4519,37.6861
9.6541,575.3443,37.7135
9.8907,575.2385,37.7418
10.1286,575.1346,37.771
10.3679,575.0326,37.8011
10.6084,574.9324,37.8321
10.8503,574.834,37.864
11.0934,574.7375,37.8967
11.3379,574.6427,37.9303
11.5836,574.5496,37.9648
11.8305,574.4583,38.0
12.0787,574.3688,38.0362
12.3281,574.2809,38.0731
12.5787,574.1947,38.1109
12.8305,574.1102,38.1494
13.0835,574.0273,38.1888
13.3376,573.9461,38.2289
13.5929,573.8664,38.2699
13.8493,573.7883,38.3115
14.1068,573.7118,38.354
14.3654,573.6368,38.3971
14.6251,573.5633,38.441
14.8858,573.4913,38.4856
15.1476,573.4207,38.5309
15.4104,573.3516,38.5769
15.6742,573.2838,38.6236
15.939,573.2175,38.6709
16.2048,573.1525,38.7189
16.4715,573.0888,38.7676
16.7392,573.0264,38.8168
17.0077,572.9653,38.8667
17.2772,572.9055,38.9172
17.5475,572.8468,38.9683
17.8187,572.7893,39.0199
18.0907,572.733,39.0721
18.3635,572.6779,39.1248
18.6371,572.6238,39.1781
18.9115,572.5708,39.2319
19.1866,572.5189,39.2862
19.4625,572.4679,39.341
19.739,572.418,39.3963
20.0163,572.369,39.452
20.2941,572.3209,39.5082
20.5727,572.2737,39.5648
20.8518,572.2274,39.6218
21.1316,572.1819,39.6793
21.4119,572.1372,39.7371
21.6928,572.0933,39.7952
21.9742,572.0501,39.8538
22.2561,572.0076,39.9127
22.5384,571.9658,39.9719
22.8213,571.9246,40.0314
23.1045,571.884,40.0912
23.3882,571.844,40.1512
23.6723,571.8045,40.2116
23.9567,571.7656,40.2721
24.2414,571.7271,40.333
24.5265,571.689,40.394
24.8119,571.6514,40.4552
25.0975,571.6141,40.5166
25.3834,571.5772,40.5782
25.6695,571.5405,40.6399
25.9558,571.5042,40.7017
26.2423,571.4681,40.7637
26.5289,571.4322,40.8257
26.8156,571.3964,40.8879
27.1024,571.3608,40.9501
27.3893,571.3253,41.0123
27.6763,571.2899,41.0746
27.9633,571.2545,41.1369
28.2457,571.2195,41.2009
28.5282,571.185,41.2649
28.8106,571.1508,41.3289
29.093,571.117,41.3929
29.3755,571.0835,41.4569
29.6579,571.0505,41.5209
29.9404,571.0178,41.5849
30.2228,570.9856,41.6489
30.5053,570.9537,41.7129
30.7877,570.9222,41.7769
31.0702,570.8912,41.8409
31.3526,570.8605,41.9049
31.635,570.8302,41.9689
31.9175,570.8004,42.0329
32.1999,570.7709,42.0969
32.4824,570.7419,42.1609
32.7648,570.7133,42.2249
33.0473,570.6851,42.2889
33.3297,570.6574,42.3529
33.6121,570.63,42.4169
33.8946,570.6031,42.4809
34.177,570.5767,42.5449
34.4595,570.5506,42.6089
34.7419,570.525,42.6729
35.0244,570.4999,42.7369
35.3068,570.4752,42.8009
35.5893,570.4509,42.8649
35.8717,570.4271,42.9289
36.1541,570.4038,42.9929
36.4366,570.3809,43.0569
36.719,570.3584,43.1209
37.0015,570.3365,43.1849
37.2839,570.3149,43.2489
37.5664,570.2939,43.3129
37.8488,570.2733,43.3769
38.1313,570.2532,43.4409
38.4137,570.2336,43.5049
38.6961,570.2144,43.5689
38.9786,570.1958,43.6329
39.261,570.1776,43.6969
39.5435,570.1599,43.7609
39.8259,570.1427,43.8249
40.1084,570.1259,43.8889
40.3908,570.1097,43.9529
40.6732,570.094,44.0169
40.9557,570.0787,44.0809
41.2381,570.064,44.1449
41.5206,570.0497,44.2089
41.803,570.036,44.2728
42.0855,570.0228,44.3368
42.3679,570.0101,44.4008
42.6504,569.9979,44.4648
42.9328,569.9862,44.5288
43.2152,569.975,44.5928
43.4977,569.9643,44.6568
43.7801,569.9542,44.7208
44.0626,569.9446,44.7848
44.345,569.9355,44.8488
44.6275,569.9269,44.9128
44.9099,569.9189,44.9768
45.1924,569.9114,45.0408
45.4748,569.9044,45.1048
45.7572,569.898,45.1688
46.0397,569.8921,45.2328
46.3221,569.8868,45.2968
46.6046,569.882,45.3608
46.887,569.8777,45.4248
47.1695,569.874,45.4888
47.4519,569.8708,45.5528
47.7343,569.8682,45.6168
48.0168,569.8661,45.6808
48.2992,569.8646,45.7448
48.5817,569.8636,45.8088
48.8641,569.8632,45.8728
49.1466,569.8634,45.9368
49.429,569.8641,46.0008
49.7115,569.8654,46.0648
49.9939,569.8672,46.1288
50.2763,569.8696,46.1928
50.5588,569.8726,46.2568
50.8412,569.8762,46.3208
51.1237,569.8803,46.3848
51.4061,569.885,46.4488
51.6886,569.8902,46.5128
51.971,569.8961,46.5768
52.2535,569.9025,46.6408
52.5359,569.9095,46.7048
52.8183,569.917,46.7688
53.1008,569.9252,46.8328
53.3832,569.9339,46.8968
53.6657,569.9433,46.9608
53.9481,569.9532,47.0248
54.2306,569.9637,47.0888
54.513,569.9748,47.1528
54.7955,569.9864,47.2168
55.0779,569.9987,47.2808
55.3603,570.0116,47.3448
55.6428,570.025,47.4088
55.9252,570.0391,47.4728
56.2077,570.0537,47.5368
56.4901,570.069,47.6008
56.7726,570.0848,47.6648
57.055,570.1013,47.7288
57.3374,570.1183,47.7928
57.6199,570.1359,47.8568
57.9023,570.1542,47.9208
58.1848,570.173,47.9848
58.4672,570.1925,48.0488
58.7497,570.2126,48.1128
59.0321,570.2332,48.1768
59.3146,570.2545,48.2408
59.597,570.2764,48.3048
59.8794,570.2989,48.3688
60.1619,570.322,48.4328
60.4443,570.3457,48.4968
60.7268,570.37,48.5608
61.0092,570.395,48.6248
61.2917,570.4205,48.6888
61.5741,570.4467,48.7528
61.8566,570.4735,48.8168
62.139,570.5009,48.8808
62.4214,570.5289,48.9448
62.7039,570.5576,49.0088
62.9863,570.5868,49.0728
63.2688,570.6167,49.1368
63.5512,570.6472,49.2008
63.8337,570.6783,49.2648
64.1161,570.71,49.3288
64.3985,570.7424,49.3928
64.681,570.7753,49.4568
64.9634,570.8089,49.5208
65.2459,570.8431,49.5848
65.5283,570.878,49.6488
65.8108,570.9134,49.7128
66.0932,570.9495,49.7768
66.3757,570.9862,49.8408
66.6581,571.0236,49.9048
66.9405,571.0615,49.9688
67.223,571.1001,50.0328
67.5054,571.1393,50.0968
67.7879,571.1791,50.1608
68.0703,571.2195,50.2248
68.3528,571.2606,50.2888
68.6352,571.3023,50.3528
68.9177,571.3446,50.4168
69.2001,571.3875,50.4807
69.4825,571.4311,50.5447
69.765,571.4753,50.6087
70.0474,571.5201,50.6727
70.3299,571.5656,50.7367
70.6123,571.6116,50.8007
70.8948,571.6583,50.8647
71.1772,571.7056,50.9287
71.4596,571.7535,50.9927
71.7421,571.8021,51.0567
72.0245,571.8513,51.1207
72.307,571.9011,51.1847
72.5894,571.9515,51.2487
72.8719,572.0025,51.3127
73.1543,572.0542,51.3767
73.4368,572.1065,51.4407
73.7192,572.1594,51.5047
74.0016,572.2129,51.5687
74.2841,572.2671,51.6327
74.5665,572.3219,51.6967
74.849,572.3773,51.7607
75.1314,572.4333,51.8247
75.4139,572.4899,51.8887
75.6963,572.5471,51.9527
75.9788,572.605,52.0167
76.2612,572.6635,52.0807
76.5436,572.7226,52.1447
76.8261,572.7823,52.2087
77.1085,572.8426,52.2727
77.391,572.9035,52.3367
77.6734,572.9651,52.4007
77.9559,573.0272,52.4647
78.2383,573.09,52.5287
78.5208,573.1534,52.5927
78.8032,573.2174,52.6567
79.0856,573.282,52.7207
79.3681,573.3472,52.7847
79.6505,573.413,52.8487
79.933,573.4795,52.9127
80.2154,573.5465,52.9767
80.4979,573.6141,53.0407
80.7803,573.6824,53.1047
81.0627,573.7512,53.1687
81.3452,573.8206,53.2327
81.6276,573.8907,53.2967
81.9101,573.9613,53.3607
82.1925,574.0325,53.4247
82.475,574.1044,53.4887
82.7574,574.1768,53.5527
83.0399,574.2498,53.6167
83.3223,574.3234,53.6807
83.6047,574.3976,53.7447
83.8872,574.4724,53.8087
84.1696,574.5478,53.8727
84.4521,574.6238,53.9367
84.7345,574.7003,54.0007
85.017,574.7775,54.0647
85.2994,574.8552,54.1287
85.5819,574.9335,54.1927
85.8643,575.0124,54.2567
86.1467,575.0919,54.3207
86.4292,575.1719,54.3847
86.7116,575.2525,54.4487
86.9941,575.3337,54.5127
87.2765,575.4155,54.5767
87.559,575.4978,54.6407
87.8414,575.5807,54.7047
88.1238,575.6642,54.7687
88.4063,575.7482,54.8327
88.6887,575.8328,54.8967
88.9712,575.918,54.9607
89.2536,576.0037,55.0247
89.5361,576.09,55.0887
89.8185,576.1769,55.1527
90.101,576.2642,55.2167
90.3834,576.3522,55.2807
90.6658,576.4407,55.3447
90.9483,576.5298,55.4087
91.2307,576.6194,55.4727
91.5132,576.7095,55.5367
91.7956,576.8002,55.6007
92.0781,576.8914,55.6647
92.3605,576.9832,55.7287
92.643,577.0755,55.7927
92.9254,577.1684,55.8567
93.2078,577.2617,55.9207
93.4903,577.3556,55.9847
93.7727,577.4501,56.0487
94.0552,577.545,56.1127
94.3376,577.6405,56.1767
94.6201,577.7366,56.2407
94.9025,577.8331,56.3047
95.1849,577.9302,56.3687
95.4674,578.0277,56.4327
95.7498,578.1258,56.4967
96.0323,578.2244,56.5607
96.3147,578.3235,56.6247
96.5972,578.4231,56.6886
96.8796,578.5232,56.7526
97.1621,578.6239,56.8166
97.4445,578.725,56.8806
97.7269,578.8266,56.9446
98.0094,578.9287,57.0086
98.2918,579.0313,57.0726
98.5743,579.1344,57.1366
98.8567,579.238,57.2006
99.1392,579.3421,57.2646
99.4216,579.4466,57.3286
99.7041,579.5517,57.3926
99.9865,579.6572,57.4566
100.2689,579.7632,57.5206
100.5514,579.8696,57.5846
100.8338,579.9765,57.6486
101.1163,580.0839,57.7126
101.3987,580.1918,57.7766
101.6812,580.3001,57.8406
101.9636,580.4089,57.9046
102.2461,580.5181,57.9686
102.5285,580.6278,58.0326
102.8109,580.738,58.0966
103.0934,580.8485,58.1606
103.3758,580.9596,58.2246
103.6583,581.071,58.2886
103.9407,581.183,58.3526
104.2232,581.2953,58.4166
104.5056,581.4081,58.4806
104.788,581.5213,58.5446
105.0705,581.6349,58.6086
105.3529,581.749,58.6726
105.6354,581.8635,58.7366
105.9178,581.9784,58.8006
106.2003,582.0937,58.8646
106.4827,582.2095,58.9286
106.7652,582.3256,58.9926
107.0476,582.4421,59.0566
107.33,582.5591,59.1206
107.6125,582.6765,59.1846
107.8949,582.7942,59.2486
108.1774,582.9124,59.3126
108.4598,583.0309,59.3766
108.7423,583.1498,59.4406
109.0247,583.2691,59.5046
109.3072,583.3888,59.5686
109.5896,583.5089,59.6326
109.872,583.6293,59.6966
110.1545,583.7502,59.7606
110.4369,583.8713,59.8246
110.7194,583.9929,59.8886
111.0018,584.1148,59.9526
111.2843,584.2371,60.0166
111.5667,584.3597,60.0806
111.8491,584.4827,60.1446
112.1316,584.606,60.2086
112.414,584.7297,60.2726
112.6965,584.8537,60.3366
112.9789,584.9781,60.4006
113.2614,585.1028,60.4646
113.5438,585.2278,60.5286
113.8263,585.3532,60.5926
114.1087,585.4788,60.6566
114.3911,585.6048,60.7206
114.7919,585.7896,60.8047
115.1927,585.9743,60.8889
115.5933,586.159,60.973
115.9939,586.3436,61.0571
116.3943,586.5281,61.1411
116.7946,586.7125,61.2251
117.1946,586.8967,61.3089
117.5944,587.0808,61.3927
117.9939,587.2646,61.4764
118.393,587.4482,61.56
118.7918,587.6316,61.6434
119.1902,587.8147,61.7267
119.5882,587.9975,61.8098
119.9857,588.1799,61.8927
120.3827,588.362,61.9755
120.7792,588.5438,62.058
121.1751,588.7251,62.1404
121.5704,588.906,62.2225
121.9651,589.0865,62.3044
122.3591,589.2665,62.386
122.7524,589.446,62.4674
123.145,589.625,62.5485
123.5367,589.8034,62.6293
123.9277,589.9813,62.7099
124.3178,590.1586,62.7901
124.7071,590.3353,62.87
125.0955,590.5113,62.9495
125.4829,590.6867,63.0287
125.8694,590.8614,63.1076
126.2549,591.0354,63.1861
126.6393,591.2087,63.2642
127.0227,591.3813,63.3419
127.405,591.5531,63.4192
127.7862,591.7241,63.4961
128.1662,591.8943,63.5725
128.5451,592.0637,63.6486
128.9228,592.2322,63.7241
129.2992,592.3999,63.7993
129.6744,592.5667,63.8739
130.0483,592.7326,63.9481
130.4209,592.8975,64.0218
130.7921,593.0616,64.095
131.162,593.2246,64.1677
131.5305,593.3867,64.2399
131.8976,593.5479,64.3116
132.2632,593.708,64.3827
132.6274,593.867,64.4533
132.9901,594.0251,64.5233
133.3513,594.1821,64.5928
133.711,594.338,64.6617
134.0691,594.4928,64.7301
134.4257,594.6465,64.7978
134.7807,594.7992,64.865
135.134,594.9506,64.9316
135.4858,595.101,64.9975
135.8358,595.2502,65.0629
136.1843,595.3982,65.1276
136.531,595.545,65.1918
136.876,595.6907,65.2552
137.2194,595.8351,65.3181
137.5609,595.9783,65.3803
137.9008,596.1203,65.4419
138.2389,596.2611,65.5028
138.5752,596.4006,65.563
138.9097,596.5389,65.6226
139.2424,596.6759,65.6815
139.5734,596.8116,65.7398
139.9025,596.9461,65.7974
140.2297,597.0793,65.8542
140.5551,597.2112,65.9105
140.8787,597.3417,65.966
141.2004,597.471,66.0208
141.5203,597.599,66.075
141.8382,597.7256,66.1284
142.1543,597.851,66.1812
142.4685,597.975,66.2332
142.7808,598.0977,66.2846
143.0912,598.219,66.3352
143.3997,598.339,66.3852
143.7063,598.4577,66.4344
144.011,598.5751,66.4829
144.3138,598.6911,66.5307
144.6147,598.8057,66.5779
144.9137,598.9191,66.6243
145.2108,599.0311,66.67
145.5059,599.1417,66.715
145.7992,599.251,66.7592
146.0905,599.359,66.8028
146.38,599.4656,66.8457
146.6675,599.571,66.8879
146.9532,599.6749,66.9293
147.237,599.7776,66.9701
147.5189,599.879,67.0102
147.7989,599.979,67.0496
148.0771,600.0777,67.0882
148.3534,600.1751,67.1262
148.6278,600.2712,67.1635
148.9004,600.3661,67.2002
149.1712,600.4596,67.2361
149.4401,600.5519,67.2714
149.7073,600.6428,67.306
149.9726,600.7326,67.3399
150.2361,600.821,67.3732
150.4979,600.9083,67.4058
150.7579,600.9943,67.4378
151.0162,601.079,67.4691
151.2727,601.1626,67.4998
151.5276,601.2449,67.5298
151.7807,601.3261,67.5592
152.0321,601.4061,67.588
152.2819,601.4849,67.6161
152.5301,601.5625,67.6437
152.7766,601.6391,67.6706
153.0215,601.7144,67.697
153.2648,601.7887,67.7228
153.5065,601.8619,67.7479
153.7467,601.934,67.7725
153.9853,602.005,67.7966
154.2225,602.0749,67.8201
154.4582,602.1438,67.843
154.6924,602.2117,67.8654
154.9252,602.2786,67.8873
155.1565,602.3445,67.9086
155.3865,602.4094,67.9294
155.6151,602.4734,67.9497
155.8424,602.5364,67.9695
156.0684,602.5985,67.9889
156.293,602.6597,68.0077
156.5165,602.72,68.0261
156.7387,602.7795,68.0441
156.9597,602.8381,68.0616
157.1795,602.8959,68.0786
157.3982,602.9529,68.0952
157.6157,603.0091,68.1115
157.8322,603.0645,68.1273
158.0476,603.1193,68.1427
158.262,603.1732,68.1577
158.4754,603.2265,68.1724
158.6878,603.2791,68.1867
158.8993,603.3311,68.2007
159.1099,603.3824,68.2143
159.3196,603.4331,68.2276
159.5285,603.4832,68.2406
159.7366,603.5328,68.2533
159.9439,603.5818,68.2658
160.1505,603.6303,68.2779
160.3563,603.6783,68.2898
160.5615,603.7258,68.3014
160.7661,603.7729,68.3128
160.9701,603.8196,68.324
161.1734,603.8658,68.3349
161.3763,603.9117,68.3457
161.5786,603.9572,68.3563
161.7805,604.0024,68.3667
161.982,604.0474,68.3769
162.183,604.092,68.387
162.3837,604.1364,68.397
162.5841,604.1805,68.4068
162.7842,604.2245,68.4166
162.984,604.2682,68.4262
163.1837,604.3119,68.4358
163.3831,604.3553,68.4453
163.5824,604.3987,68.4547
163.7816,604.4421,68.4641
163.9807,604.4853,68.4735
164.1798,604.5286,68.4829
164.4825,604.592,68.5075
164.7847,604.6544,68.5319
165.0863,604.7157,68.5562
165.3875,604.776,68.5803
165.6881,604.8352,68.6042
165.9882,604.8934,68.628
166.2877,604.9505,68.6515
166.5867,605.0065,68.6749
166.8851,605.0614,68.6981
167.183,605.1152,68.7211
167.4804,605.1679,68.7439
167.7771,605.2194,68.7666
168.0733,605.2698,68.789
168.3689,605.319,68.8113
168.664,605.3671,68.8333
168.9584,605.4141,68.8552
169.2523,605.4598,68.8769
169.5456,605.5043,68.8984
169.8382,605.5477,68.9196
170.1303,605.5898,68.9407
170.4218,605.6308,68.9616
170.7126,605.6705,68.9822
171.0028,605.7089,69.0027
171.2924,605.7462,69.0229
171.5814,605.7821,69.043
171.8698,605.8168,69.0628
172.1575,605.8503,69.0824
172.4445,605.8824,69.1018
172.731,605.9133,69.121
173.0167,605.9428,69.14
173.3019,605.9711,69.1588
173.5863,605.9981,69.1773
173.8701,606.0237,69.1956
174.1533,606.048,69.2137
174.4357,606.0709,69.2316
174.7175,606.0925,69.2492
174.9987,606.1128,69.2667
175.2791,606.1317,69.2839
175.5588,606.1492,69.3008
175.8379,606.1653,69.3176
176.1163,606.18,69.3341
176.3939,606.1934,69.3503
176.6709,606.2053,69.3664
176.9472,606.2158,69.3822
177.2227,606.225,69.3977
177.4975,606.2326,69.4131
177.7717,606.2389,69.4282
178.0451,606.2437,69.443
178.3177,606.2471,69.4576
178.5897,606.249,69.472
178.8609,606.2494,69.4861
179.1314,606.2484,69.5
179.4011,606.2459,69.5136
179.6701,606.2419,69.527
179.9384,606.2364,69.5401
180.2059,606.2295,69.553
180.4726,606.221,69.5656
180.7387,606.211,69.578
181.0039,606.1995,69.5902
181.2684,606.1865,69.602
181.5321,606.1719,69.6137
181.7951,606.1559,69.625
182.0572,606.1382,69.6361
182.3187,606.1191,69.647
182.5793,606.0984,69.6576
182.8391,606.0761,69.6679
183.0982,606.0523,69.678
183.3565,606.0269,69.6878
183.614,605.9999,69.6974
183.8707,605.9713,69.7067
184.1267,605.9412,69.7157
184.3818,605.9094,69.7244
184.6361,605.8761,69.7329
184.8896,605.8412,69.7412
185.1424,605.8047,69.7491
185.3943,605.7665,69.7568
185.6454,605.7268,69.7642
185.8957,605.6854,69.7714
186.1452,605.6424,69.7783
186.3939,605.5978,69.7849
186.6418,605.5515,69.7912
186.8888,605.5036,69.7973
187.135,605.4541,69.8031
187.3804,605.4029,69.8086
187.625,605.3501,69.8138
187.8688,605.2956,69.8188
188.1117,605.2395,69.8235
188.3538,605.1817,69.8279
188.5951,605.1222,69.832
188.8355,605.0611,69.8359
189.0751,604.9983,69.8395
189.3139,604.9338,69.8428
189.5518,604.8677,69.8458
189.7889,604.7998,69.8485
190.0251,604.7303,69.851
190.2605,604.6591,69.8532
190.495,604.5863,69.8551
190.7288,604.5117,69.8567
190.9616,604.4354,69.858
191.1936,604.3575,69.8591
191.4248,604.2778,69.8599
191.6551,604.1964,69.8604
191.8846,604.1134,69.8606
192.1132,604.0286,69.8605
192.3409,603.9421,69.8601
192.5678,603.8539,69.8595
192.7939,603.764,69.8585
193.019,603.6724,69.8573
193.2434,603.5791,69.8558
193.4668,603.484,69.854
193.6894,603.3872,69.8519
193.9112,603.2888,69.8496
194.1321,603.1886,69.8469
194.3521,603.0866,69.844
194.5713,602.983,69.8407
194.7896,602.8776,69.8372
195.007,602.7705,69.8334
195.2236,602.6617,69.8293
195.4393,602.5511,69.825
195.6542,602.4389,69.8203
195.8682,602.3249,69.8153
196.0813,602.2091,69.8101
196.2936,602.0917,69.8046
196.505,601.9725,69.7987
196.7155,601.8516,69.7926
196.9252,601.729,69.7863
197.134,601.6046,69.7796
197.342,601.4785,69.7726
197.5491,601.3507,69.7654
197.7553,601.2211,69.7578
197.9606,601.0899,69.75
198.1651,600.9569,69.7419
198.3688,600.8222,69.7335
198.5715,600.6857,69.7248
198.7735,600.5475,69.7158
198.9745,600.4077,69.7065
199.1747,600.266,69.697
199.374,600.1227,69.6871
199.5725,599.9777,69.677
199.7701,599.8309,69.6666
199.9669,599.6824,69.6559
200.1628,599.5323,69.6449
200.3578,599.3804,69.6336
200.552,599.2267,69.6221
200.7453,599.0714,69.6102
200.9378,598.9144,69.5981
201.1294,598.7557,69.5857
201.3202,598.5952,69.573
201.5102,598.4331,69.56
201.6992,598.2693,69.5468
201.8875,598.1038,69.5332
202.0749,597.9366,69.5194
202.2614,597.7677,69.5053
202.4471,597.5971,69.4909
202.632,597.4248,69.4763
202.816,597.2509,69.4613
202.9992,597.0753,69.4461
203.1815,596.898,69.4306
203.363,596.719,69.4148
203.5437,596.5384,69.3988
203.7236,596.3561,69.3824
203.9026,596.1721,69.3658
204.0808,595.9865,69.3489
204.2581,595.7992,69.3318
204.4347,595.6103,69.3143
204.6104,595.4198,69.2966
204.7853,595.2276,69.2786
204.9593,595.0337,69.2604
205.1326,594.8383,69.2418
205.3051,594.6412,69.223
205.4767,594.4424,69.204
205.6475,594.2421,69.1846
205.8175,594.0402,69.165
205.9867,593.8366,69.1451
206.1552,593.6314,69.125
206.3228,593.4247,69.1046
206.4896,593.2163,69.0839
206.6556,593.0064,69.063
206.8208,592.7948,69.0418
206.9853,592.5817,69.0203
207.1489,592.367,68.9985
207.3118,592.1508,68.9766
207.4739,591.933,68.9543
207.6352,591.7136,68.9318
207.7957,591.4927,68.909
207.9555,591.2702,68.886
208.1145,591.0462,68.8627
208.2727,590.8206,68.8391
208.4301,590.5935,68.8153
208.5868,590.3649,68.7913
208.7428,590.1348,68.767
208.8979,589.9032,68.7424
209.0524,589.6701,68.7176
209.2061,589.4355,68.6926
209.359,589.1994,68.6673
209.5112,588.9618,68.6417
209.6627,588.7227,68.6159
209.8134,588.4822,68.5899
209.9634,588.2402,68.5636
210.1127,587.9967,68.5371
210.2612,587.7518,68.5103
210.409,587.5055,68.4833
210.5561,587.2577,68.456
210.7025,587.0085,68.4286
210.8482,586.7579,68.4008
210.9932,586.5058,68.3729
211.1375,586.2524,68.3447
211.281,585.9976,68.3163
211.4239,585.7414,68.2876
211.5661,585.4838,68.2587
211.7076,585.2248,68.2296
211.8484,584.9644,68.2003
211.9886,584.7028,68.1707
212.1281,584.4397,68.1409
212.2669,584.1753,68.1109
212.405,583.9096,68.0806
212.5425,583.6426,68.0502
212.6793,583.3742,68.0195
212.8155,583.1046,67.9886
212.951,582.8336,67.9575
213.0858,582.5614,67.9262
213.2201,582.2878,67.8946
213.3537,582.013,67.8629
213.4866,581.737,67.8309
213.619,581.4597,67.7987
213.7507,581.1811,67.7664
213.8818,580.9013,67.7338
214.0123,580.6203,67.701
214.1421,580.3381,67.668
214.2714,580.0546,67.6348
214.4001,579.77,67.6014
214.5282,579.4841,67.5678
214.6557,579.1971,67.534
214.7826,578.9089,67.5001
214.9089,578.6196,67.4659
215.0346,578.3291,67.4315
215.1598,578.0375,67.3969
215.2844,577.7447,67.3622
215.4085,577.4509,67.3273
215.532,577.1559,67.2922
215.6549,576.8598,67.2569
215.7773,576.5626,67.2214
215.8992,576.2643,67.1857
216.0205,575.965,67.1499
216.1413,575.6646,67.1138
216.2616,575.3632,67.0777
216.3814,575.0607,67.0413
216.5006,574.7572,67.0048
216.6193,574.4527,66.968
216.7376,574.1471,66.9312
216.8553,573.8406,66.8941
216.9725,573.5331,66.8569
217.0893,573.2246,66.8196
217.2055,572.9152,66.782
217.3213,572.6047,66.7443
217.4367,572.2934,66.7065
217.5515,571.9811,66.6685
217.6659,571.6679,66.6304
217.7798,571.3538,66.5921
217.8933,571.0388,66.5536
218.0064,570.7229,66.515
218.119,570.4062,66.4762
218.2312,570.0885,66.4374
218.3194,569.8009,66.3876
218.4077,569.5133,66.3379
218.4959,569.2256,66.2882
218.5841,568.9379,66.2387
218.6723,568.65,66.1892
218.7603,568.3621,66.1398
218.8484,568.074,66.0906
218.9363,567.7857,66.0415
219.0241,567.4972,65.9927
219.1118,567.2085,65.944
219.1994,566.9196,65.8956
219.2869,566.6305,65.8475
219.3742,566.341,65.7997
219.4614,566.0512,65.7522
219.5484,565.7612,65.705
219.6352,565.4707,65.6582
219.7219,565.1799,65.6117
219.8083,564.8887,65.5657
219.8946,564.5971,65.5201
219.9806,564.305,65.475
220.0663,564.0125,65.4303
220.1519,563.7195,65.3862
220.2371,563.426,65.3425
220.3221,563.1319,65.2994
220.4069,562.8373,65.2569
220.4913,562.5422,65.2149
220.5755,562.2465,65.1735
220.6593,561.9501,65.1328
220.7428,561.6532,65.0927
220.8261,561.3556,65.0532
220.9089,561.0573,65.0145
220.9914,560.7584,64.9764
221.0736,560.4588,64.9391
221.1554,560.1584,64.9025
221.2369,559.8574,64.8666
221.3179,559.5555,64.8315
221.3986,559.253,64.7973
221.4789,558.9496,64.7638
221.5588,558.6454,64.7311
221.6382,558.3405,64.6993
221.7173,558.0347,64.6683
221.7959,557.728,64.6382
221.8741,557.4206,64.6089
221.9519,557.1122,64.5806
222.0292,556.803,64.5531
222.106,556.4929,64.5266
222.1824,556.1818,64.501
222.2584,555.8699,64.4764
222.3339,555.557,64.4527
222.4089,555.2432,64.4299
222.4834,554.9285,64.4082
222.5574,554.6128,64.3874
222.631,554.2961,64.3676
222.704,553.9785,64.3489
222.7766,553.6599,64.3311
222.8486,553.3403,64.3143
222.9202,553.0197,64.2986
222.9912,552.6981,64.2839
223.0618,552.3755,64.2703
223.1318,552.0519,64.2577
223.2013,551.7273,64.2461
223.2703,551.4016,64.2356
223.3388,551.075,64.2261
223.4067,550.7473,64.2177
223.4742,550.4185,64.2104
223.5411,550.0888,64.2041
223.6075,549.758,64.1989
