x,y,z 
0.0,0.0,0.0
0.25,0.1,0.04
0.5,0.19,0.08
0.75,0.28,0.11
0.99,0.37,0.15
1.24,0.46,0.19
1.48,0.55,0.22
1.72,0.64,0.26
1.96,0.73,0.3
2.2,0.82,0.33
2.44,0.9,0.36
2.67,0.99,0.4
2.91,1.07,0.43
3.14,1.16,0.46
3.37,1.24,0.5
3.61,1.32,0.53
3.83,1.4,0.56
4.06,1.48,0.59
4.29,1.56,0.62
4.52,1.64,0.65
4.74,1.72,0.68
4.96,1.79,0.71
5.19,1.87,0.74
5.41,1.94,0.77
5.63,2.02,0.8
5.85,2.09,0.82
6.06,2.16,0.85
6.28,2.23,0.88
6.49,2.3,0.9
6.71,2.37,0.93
6.92,2.44,0.95
7.13,2.51,0.98
7.34,2.58,1.0
7.55,2.64,1.03
7.76,2.71,1.05
7.97,2.77,1.07
8.17,2.84,1.09
8.38,2.9,1.12
8.58,2.96,1.14
8.78,3.02,1.16
8.98,3.09,1.18
9.18,3.15,1.2
9.38,3.2,1.22
9.58,3.26,1.24
9.78,3.32,1.26
9.97,3.38,1.28
10.17,3.43,1.3
10.36,3.49,1.32
10.56,3.55,1.33
10.75,3.6,1.35
10.94,3.65,1.37
11.13,3.71,1.39
11.32,3.76,1.4
11.51,3.81,1.42
11.7,3.86,1.43
11.88,3.91,1.45
12.07,3.96,1.47
12.25,4.01,1.48
12.44,4.06,1.49
12.62,4.11,1.51
12.8,4.16,1.52
12.99,4.2,1.54
13.17,4.25,1.55
13.35,4.3,1.56
13.53,4.34,1.58
13.71,4.39,1.59
13.88,4.43,1.6
14.06,4.48,1.61
14.24,4.52,1.63
14.41,4.56,1.64
14.59,4.61,1.65
14.77,4.65,1.66
14.94,4.69,1.67
15.11,4.73,1.68
15.29,4.77,1.69
15.46,4.81,1.7
15.63,4.86,1.71
15.8,4.9,1.72
15.98,4.94,1.73
16.15,4.97,1.74
16.32,5.01,1.75
16.49,5.05,1.76
16.66,5.09,1.77
16.83,5.13,1.78
17.0,5.17,1.79
17.16,5.21,1.8
17.33,5.24,1.81
17.5,5.28,1.81
17.67,5.32,1.82
17.84,5.36,1.83
18.0,5.39,1.84
18.17,5.43,1.85
18.34,5.47,1.86
18.51,5.5,1.86
18.67,5.54,1.87
18.84,5.58,1.88
19.01,5.61,1.89
19.17,5.65,1.9
19.34,5.69,1.9
19.5,5.72,1.91
19.67,5.76,1.92
19.92,5.81,1.94
20.17,5.86,1.96
20.43,5.91,1.98
20.68,5.96,2.0
20.93,6.01,2.02
21.18,6.06,2.04
21.43,6.11,2.06
21.68,6.16,2.08
21.93,6.21,2.1
22.17,6.25,2.12
22.42,6.3,2.14
22.67,6.34,2.16
22.92,6.38,2.18
23.17,6.43,2.2
23.41,6.47,2.21
23.66,6.51,2.23
23.9,6.55,2.25
24.15,6.59,2.27
24.4,6.63,2.29
24.64,6.67,2.31
24.88,6.71,2.32
25.13,6.74,2.34
25.37,6.78,2.36
25.62,6.81,2.38
25.86,6.85,2.39
26.1,6.88,2.41
26.34,6.91,2.43
26.58,6.94,2.45
26.82,6.97,2.46
27.07,7.0,2.48
27.31,7.03,2.5
27.54,7.06,2.51
27.78,7.09,2.53
28.02,7.11,2.54
28.26,7.14,2.56
28.5,7.16,2.58
28.74,7.18,2.59
28.97,7.21,2.61
29.21,7.23,2.62
29.45,7.25,2.64
29.68,7.27,2.65
29.92,7.29,2.67
30.15,7.3,2.68
30.39,7.32,2.7
30.62,7.34,2.71
30.85,7.35,2.72
31.08,7.37,2.74
31.32,7.38,2.75
31.55,7.39,2.77
31.78,7.4,2.78
32.01,7.41,2.79
32.24,7.42,2.81
32.47,7.43,2.82
32.7,7.44,2.83
32.93,7.44,2.84
33.16,7.45,2.86
33.39,7.45,2.87
33.61,7.46,2.88
33.84,7.46,2.89
34.07,7.46,2.91
34.29,7.46,2.92
34.52,7.46,2.93
34.74,7.46,2.94
34.97,7.45,2.95
35.19,7.45,2.96
35.41,7.44,2.97
35.64,7.44,2.98
35.86,7.43,2.99
36.08,7.42,3.01
36.3,7.41,3.02
36.52,7.4,3.03
36.74,7.39,3.04
36.96,7.38,3.04
37.18,7.37,3.05
37.4,7.35,3.06
37.62,7.34,3.07
37.83,7.32,3.08
38.05,7.3,3.09
38.27,7.28,3.1
38.48,7.26,3.11
38.7,7.24,3.12
38.91,7.22,3.12
39.13,7.2,3.13
39.34,7.17,3.14
39.55,7.15,3.15
39.77,7.12,3.15
39.98,7.09,3.16
40.19,7.07,3.17
40.4,7.04,3.17
40.61,7.0,3.18
40.82,6.97,3.19
41.03,6.94,3.19
41.24,6.91,3.2
41.45,6.87,3.21
41.65,6.83,3.21
41.86,6.8,3.22
42.07,6.76,3.22
42.27,6.72,3.23
42.48,6.68,3.23
42.68,6.63,3.24
42.89,6.59,3.24
43.09,6.55,3.25
43.29,6.5,3.25
43.5,6.45,3.25
43.7,6.41,3.26
43.9,6.36,3.26
44.1,6.31,3.26
44.3,6.25,3.27
44.5,6.2,3.27
44.7,6.15,3.27
44.9,6.09,3.28
45.09,6.04,3.28
45.29,5.98,3.28
45.49,5.92,3.28
45.68,5.86,3.28
45.88,5.8,3.28
46.07,5.74,3.29
46.27,5.68,3.29
46.46,5.61,3.29
46.65,5.55,3.29
46.85,5.48,3.29
47.04,5.41,3.29
47.23,5.34,3.29
47.42,5.27,3.29
47.61,5.2,3.29
47.8,5.13,3.29
47.99,5.06,3.29
48.18,4.98,3.29
48.36,4.9,3.29
48.55,4.83,3.29
48.74,4.75,3.29
48.92,4.67,3.28
49.11,4.59,3.28
49.29,4.51,3.28
49.48,4.42,3.28
49.66,4.34,3.28
49.84,4.25,3.27
50.03,4.17,3.27
50.21,4.08,3.27
50.39,3.99,3.26
50.57,3.9,3.26
50.75,3.81,3.26
50.93,3.71,3.25
51.11,3.62,3.25
51.29,3.53,3.24
51.46,3.43,3.24
51.64,3.33,3.24
51.82,3.23,3.23
51.99,3.13,3.23
52.17,3.03,3.22
52.34,2.93,3.22
52.52,2.83,3.21
52.69,2.72,3.2
52.86,2.61,3.2
53.03,2.51,3.19
53.21,2.4,3.19
53.38,2.29,3.18
53.55,2.18,3.17
53.72,2.07,3.17
53.89,1.95,3.16
54.05,1.84,3.15
54.22,1.72,3.14
54.39,1.61,3.14
54.56,1.49,3.13
54.72,1.37,3.12
54.89,1.25,3.11
55.05,1.13,3.1
55.22,1.0,3.09
55.38,0.88,3.09
55.55,0.76,3.08
55.71,0.63,3.07
55.87,0.5,3.06
56.03,0.37,3.05
56.19,0.24,3.04
56.35,0.11,3.03
56.51,-0.02,3.02
56.67,-0.15,3.01
56.83,-0.29,3.0
56.99,-0.42,2.98
57.14,-0.56,2.97
57.3,-0.7,2.96
57.46,-0.84,2.95
57.61,-0.98,2.94
57.77,-1.12,2.93
57.92,-1.26,2.92
58.08,-1.41,2.9
58.23,-1.55,2.89
58.38,-1.7,2.88
58.53,-1.85,2.86
58.68,-1.99,2.85
58.84,-2.14,2.84
58.99,-2.29,2.82
59.14,-2.45,2.81
59.28,-2.6,2.8
59.43,-2.75,2.78
59.58,-2.91,2.77
59.73,-3.07,2.75
59.88,-3.22,2.74
60.02,-3.38,2.73
60.17,-3.54,2.71
60.31,-3.7,2.7
60.46,-3.87,2.68
60.6,-4.03,2.66
60.74,-4.19,2.65
60.89,-4.36,2.63
61.03,-4.53,2.62
61.17,-4.7,2.6
61.31,-4.86,2.58
61.45,-5.03,2.57
61.59,-5.21,2.55
61.73,-5.38,2.53
61.87,-5.55,2.52
62.01,-5.73,2.5
62.15,-5.9,2.48
62.29,-6.08,2.46
62.42,-6.26,2.45
62.56,-6.44,2.43
62.69,-6.62,2.41
62.83,-6.8,2.39
62.96,-6.98,2.37
63.1,-7.16,2.35
63.23,-7.35,2.33
63.36,-7.53,2.31
63.5,-7.72,2.3
63.63,-7.91,2.28
63.76,-8.1,2.26
63.89,-8.29,2.24
64.02,-8.48,2.22
64.15,-8.67,2.2
64.28,-8.86,2.18
64.41,-9.06,2.15
64.54,-9.25,2.13
64.67,-9.45,2.11
64.79,-9.64,2.09
64.92,-9.84,2.07
65.05,-10.04,2.05
65.17,-10.24,2.03
65.3,-10.44,2.01
65.42,-10.64,1.98
65.55,-10.85,1.96
65.67,-11.05,1.94
65.79,-11.26,1.92
65.91,-11.46,1.89
66.04,-11.67,1.87
66.16,-11.88,1.85
66.28,-12.09,1.82
66.4,-12.3,1.8
66.52,-12.51,1.78
66.64,-12.72,1.75
66.76,-12.93,1.73
66.88,-13.15,1.71
67.0,-13.36,1.68
67.11,-13.58,1.66
67.23,-13.79,1.63
67.35,-14.01,1.61
67.47,-14.23,1.58
67.58,-14.45,1.56
67.7,-14.67,1.53
67.81,-14.89,1.51
67.93,-15.12,1.48
68.04,-15.34,1.46
68.15,-15.56,1.43
68.27,-15.79,1.41
68.38,-16.01,1.38
68.49,-16.24,1.35
68.6,-16.47,1.33
68.72,-16.7,1.3
68.83,-16.93,1.28
68.94,-17.16,1.25
69.05,-17.39,1.22
69.16,-17.62,1.19
69.27,-17.85,1.17
69.37,-18.09,1.14
69.48,-18.32,1.11
69.59,-18.56,1.09
69.7,-18.79,1.06
69.81,-19.03,1.03
69.91,-19.27,1.0
70.02,-19.51,0.97
70.12,-19.75,0.95
70.23,-19.99,0.92
70.33,-20.23,0.89
70.44,-20.47,0.86
70.54,-20.71,0.83
70.65,-20.96,0.8
70.75,-21.2,0.77
70.85,-21.45,0.74
70.96,-21.69,0.71
71.06,-21.94,0.69
71.16,-22.19,0.66
71.26,-22.44,0.63
71.36,-22.69,0.6
71.47,-22.94,0.57
71.57,-23.19,0.54
71.67,-23.44,0.51
71.77,-23.69,0.48
71.86,-23.94,0.45
71.96,-24.2,0.42
72.06,-24.45,0.38
72.16,-24.7,0.35
72.26,-24.96,0.32
72.36,-25.22,0.29
72.45,-25.47,0.26
72.55,-25.73,0.23
72.65,-25.99,0.2
72.74,-26.25,0.17
72.84,-26.51,0.14
72.94,-26.77,0.1
73.03,-27.03,0.07
73.13,-27.29,0.04
73.22,-27.55,0.01
73.32,-27.81,-0.02
73.41,-28.08,-0.06
73.5,-28.34,-0.09
73.6,-28.6,-0.12
73.69,-28.87,-0.15
73.76,-29.11,-0.19
73.84,-29.36,-0.24
73.91,-29.6,-0.28
73.98,-29.84,-0.32
74.06,-30.09,-0.36
74.13,-30.33,-0.4
74.21,-30.57,-0.44
74.28,-30.82,-0.49
74.35,-31.06,-0.53
74.43,-31.31,-0.57
74.5,-31.55,-0.61
74.57,-31.79,-0.65
74.64,-32.04,-0.69
74.72,-32.28,-0.73
74.79,-32.53,-0.77
74.86,-32.77,-0.81
74.94,-33.02,-0.85
75.01,-33.26,-0.89
75.08,-33.51,-0.93
75.15,-33.75,-0.97
75.23,-34.0,-1.01
75.3,-34.25,-1.05
75.37,-34.49,-1.08
75.44,-34.74,-1.12
75.51,-34.99,-1.16
75.58,-35.23,-1.2
75.65,-35.48,-1.23
75.73,-35.73,-1.27
75.8,-35.98,-1.31
75.87,-36.23,-1.34
75.94,-36.48,-1.38
76.01,-36.73,-1.41
76.08,-36.98,-1.45
76.15,-37.23,-1.48
76.22,-37.48,-1.51
76.29,-37.73,-1.55
76.35,-37.98,-1.58
76.42,-38.23,-1.61
76.49,-38.48,-1.64
76.56,-38.74,-1.67
76.63,-38.99,-1.7
76.7,-39.24,-1.73
76.76,-39.5,-1.76
76.83,-39.75,-1.79
76.9,-40.01,-1.82
76.96,-40.26,-1.85
77.03,-40.52,-1.87
77.1,-40.78,-1.9
77.16,-41.03,-1.93
77.23,-41.29,-1.95
77.29,-41.55,-1.98
77.36,-41.81,-2.0
77.42,-42.07,-2.02
77.49,-42.33,-2.05
77.55,-42.59,-2.07
77.62,-42.85,-2.09
77.68,-43.11,-2.11
77.74,-43.37,-2.13
77.8,-43.64,-2.15
77.87,-43.9,-2.17
77.93,-44.16,-2.19
77.99,-44.43,-2.2
78.05,-44.69,-2.22
78.11,-44.96,-2.24
78.17,-45.23,-2.25
78.23,-45.49,-2.27
78.29,-45.76,-2.28
78.35,-46.03,-2.29
78.41,-46.3,-2.3
78.47,-46.57,-2.32
78.53,-46.84,-2.33
78.59,-47.11,-2.34
78.64,-47.38,-2.35
78.7,-47.65,-2.35
78.76,-47.93,-2.36
78.82,-48.2,-2.37
78.87,-48.47,-2.38
78.93,-48.75,-2.38
78.98,-49.03,-2.39
79.04,-49.3,-2.39
-143.45,-19.35,-29.71
-143.24,-19.49,-29.71
-143.03,-19.62,-29.71
-142.82,-19.75,-29.7
-142.61,-19.88,-29.7
-142.4,-20.01,-29.69
-142.19,-20.14,-29.68
-141.98,-20.26,-29.68
-141.76,-20.39,-29.67
-141.55,-20.51,-29.66
-141.34,-20.63,-29.65
-141.12,-20.75,-29.64
-140.91,-20.87,-29.63
-140.69,-20.99,-29.62
-140.48,-21.1,-29.61
-140.26,-21.22,-29.6
-140.05,-21.33,-29.58
-139.83,-21.44,-29.57
-139.62,-21.55,-29.56
-139.4,-21.66,-29.54
-139.18,-21.77,-29.52
-138.96,-21.88,-29.51
-138.75,-21.98,-29.49
-138.53,-22.09,-29.47
-138.31,-22.19,-29.45
-138.09,-22.29,-29.43
-137.87,-22.39,-29.41
-137.65,-22.49,-29.39
-137.43,-22.59,-29.37
-137.21,-22.69,-29.35
-136.99,-22.78,-29.33
-136.77,-22.88,-29.3
-136.55,-22.97,-29.28
-136.32,-23.06,-29.25
-136.1,-23.15,-29.23
-135.88,-23.24,-29.2
-135.66,-23.33,-29.18
-135.43,-23.42,-29.15
-135.21,-23.5,-29.12
-134.99,-23.59,-29.09
-134.76,-23.67,-29.06
-134.54,-23.75,-29.03
-134.31,-23.83,-29.0
-134.09,-23.91,-28.97
-133.86,-23.99,-28.94
-133.63,-24.07,-28.91
-133.41,-24.14,-28.87
-133.18,-24.22,-28.84
-132.95,-24.29,-28.81
-132.73,-24.36,-28.77
-132.5,-24.44,-28.74
-132.27,-24.51,-28.7
-132.04,-24.58,-28.66
-131.82,-24.65,-28.63
-131.59,-24.71,-28.59
-131.36,-24.78,-28.55
-131.13,-24.85,-28.51
-130.9,-24.91,-28.47
-130.67,-24.97,-28.43
-130.44,-25.04,-28.39
-130.21,-25.1,-28.35
-129.98,-25.16,-28.31
-129.75,-25.22,-28.27
-129.51,-25.28,-28.23
-129.28,-25.34,-28.19
-129.05,-25.39,-28.14
-128.82,-25.45,-28.1
-128.59,-25.5,-28.06
-128.35,-25.56,-28.01
-128.12,-25.61,-27.97
-127.89,-25.67,-27.92
-127.66,-25.72,-27.88
-127.42,-25.77,-27.83
-127.19,-25.82,-27.78
-126.95,-25.87,-27.74
-126.72,-25.92,-27.69
-126.49,-25.97,-27.64
-126.25,-26.01,-27.59
-126.02,-26.06,-27.54
-125.78,-26.11,-27.5
-125.55,-26.15,-27.45
-125.31,-26.2,-27.4
-125.08,-26.24,-27.35
-124.84,-26.28,-27.3
-124.6,-26.33,-27.25
-124.37,-26.37,-27.2
-124.13,-26.41,-27.14
-123.9,-26.45,-27.09
-123.66,-26.49,-27.04
-123.42,-26.53,-26.99
-123.19,-26.57,-26.94
-122.95,-26.61,-26.88
-122.71,-26.65,-26.83
-122.48,-26.69,-26.78
-122.24,-26.73,-26.73
-122.0,-26.77,-26.67
-121.76,-26.8,-26.62
-121.53,-26.84,-26.56
-121.29,-26.88,-26.51
-121.05,-26.91,-26.46
-120.81,-26.95,-26.4
-120.57,-26.98,-26.35
-120.34,-27.02,-26.29
-120.1,-27.05,-26.24
-119.86,-27.09,-26.18
-119.62,-27.12,-26.13
-119.38,-27.15,-26.07
-119.15,-27.19,-26.02
-118.91,-27.22,-25.96
-118.67,-27.26,-25.91
-118.43,-27.29,-25.85
-118.19,-27.32,-25.8
-117.95,-27.36,-25.74
-117.71,-27.39,-25.68
-117.48,-27.42,-25.63
-117.24,-27.45,-25.57
-117.0,-27.49,-25.52
-116.76,-27.52,-25.46
-116.52,-27.55,-25.41
-116.29,-27.58,-25.35
-116.05,-27.61,-25.3
-115.82,-27.64,-25.25
-115.58,-27.66,-25.19
-115.35,-27.69,-25.14
-115.11,-27.72,-25.09
-114.87,-27.75,-25.03
-114.64,-27.77,-24.98
-114.4,-27.8,-24.93
-114.17,-27.83,-24.87
-113.93,-27.85,-24.82
-113.7,-27.88,-24.77
-113.46,-27.91,-24.71
-113.23,-27.93,-24.66
-112.99,-27.96,-24.61
-112.76,-27.98,-24.55
-112.52,-28.01,-24.5
-112.28,-28.03,-24.45
-112.05,-28.06,-24.39
-111.81,-28.08,-24.34
-111.58,-28.1,-24.29
-111.34,-28.13,-24.23
-111.11,-28.15,-24.18
-110.87,-28.17,-24.13
-110.64,-28.19,-24.07
-110.4,-28.22,-24.02
-110.16,-28.24,-23.97
-109.93,-28.26,-23.91
-109.69,-28.28,-23.86
-109.46,-28.3,-23.81
-109.22,-28.32,-23.75
-108.99,-28.34,-23.7
-108.75,-28.36,-23.65
-108.52,-28.38,-23.59
-108.28,-28.4,-23.54
-108.04,-28.42,-23.49
-107.81,-28.44,-23.43
-107.57,-28.46,-23.38
-107.34,-28.47,-23.33
-107.1,-28.49,-23.27
-106.87,-28.51,-23.22
-106.63,-28.53,-23.17
-106.4,-28.54,-23.11
-106.16,-28.56,-23.06
-105.92,-28.57,-23.01
-105.69,-28.59,-22.95
-105.45,-28.61,-22.9
-105.22,-28.62,-22.85
-104.98,-28.63,-22.79
-104.75,-28.65,-22.74
-104.51,-28.66,-22.69
-104.28,-28.68,-22.63
-104.04,-28.69,-22.58
-103.8,-28.7,-22.53
-103.57,-28.72,-22.47
-103.33,-28.73,-22.42
-103.1,-28.74,-22.37
-102.86,-28.75,-22.31
-102.63,-28.76,-22.26
-102.39,-28.77,-22.21
-102.16,-28.78,-22.15
-101.92,-28.79,-22.1
-101.69,-28.8,-22.05
-101.45,-28.81,-21.99
-101.21,-28.82,-21.94
-100.98,-28.83,-21.89
-100.74,-28.84,-21.83
-100.51,-28.85,-21.78
-100.27,-28.85,-21.72
-100.04,-28.86,-21.67
-99.8,-28.87,-21.62
-99.57,-28.87,-21.56
-99.33,-28.88,-21.51
-99.09,-28.89,-21.46
-98.86,-28.89,-21.4
-98.62,-28.9,-21.35
-98.39,-28.9,-21.3
-98.15,-28.91,-21.24
-97.92,-28.91,-21.19
-97.68,-28.91,-21.14
-97.45,-28.92,-21.08
-97.21,-28.92,-21.03
-96.97,-28.92,-20.98
-96.74,-28.92,-20.92
-96.5,-28.92,-20.87
-96.27,-28.93,-20.82
-96.03,-28.93,-20.76
-95.8,-28.93,-20.71
-95.56,-28.93,-20.66
-95.33,-28.93,-20.6
-95.09,-28.93,-20.55
-94.85,-28.92,-20.5
-94.62,-28.92,-20.44
-94.38,-28.92,-20.39
-94.15,-28.92,-20.34
-93.91,-28.92,-20.28
-93.68,-28.91,-20.23
-93.44,-28.91,-20.18
-93.21,-28.91,-20.12
-92.97,-28.9,-20.07
-92.73,-28.9,-20.02
-92.5,-28.89,-19.96
-92.26,-28.89,-19.91
-92.03,-28.88,-19.86
-91.79,-28.87,-19.8
-91.56,-28.87,-19.75
-91.32,-28.86,-19.7
-91.09,-28.85,-19.64
-90.85,-28.84,-19.59
-90.62,-28.84,-19.54
-90.38,-28.83,-19.48
-90.14,-28.82,-19.43
-89.91,-28.81,-19.38
-89.67,-28.8,-19.32
-89.44,-28.79,-19.27
-89.2,-28.78,-19.22
-88.97,-28.77,-19.16
-88.73,-28.75,-19.11
-88.5,-28.74,-19.06
-88.26,-28.73,-19.0
-88.02,-28.72,-18.95
-87.79,-28.7,-18.9
-87.55,-28.69,-18.84
-87.32,-28.68,-18.79
-87.08,-28.66,-18.74
-86.85,-28.65,-18.68
-86.61,-28.63,-18.63
-86.38,-28.61,-18.58
-86.14,-28.6,-18.52
-85.9,-28.58,-18.47
-85.67,-28.56,-18.42
-85.43,-28.55,-18.36
-85.2,-28.53,-18.31
-84.96,-28.51,-18.26
-84.73,-28.49,-18.2
-84.49,-28.47,-18.15
-84.26,-28.45,-18.1
-84.02,-28.43,-18.04
-83.78,-28.41,-17.99
-83.55,-28.39,-17.94
-83.31,-28.37,-17.88
-83.08,-28.35,-17.83
-82.84,-28.33,-17.78
-82.61,-28.3,-17.72
-82.37,-28.28,-17.67
-82.14,-28.26,-17.62
-81.9,-28.23,-17.56
-81.66,-28.21,-17.51
-81.43,-28.18,-17.46
-81.19,-28.16,-17.4
-80.96,-28.13,-17.35
-80.72,-28.11,-17.3
-80.49,-28.08,-17.24
-80.25,-28.05,-17.19
-80.02,-28.03,-17.14
-79.78,-28.0,-17.08
-79.55,-27.97,-17.03
-79.31,-27.94,-16.98
-79.07,-27.91,-16.92
-78.84,-27.88,-16.87
-78.6,-27.85,-16.82
-78.37,-27.82,-16.76
-78.13,-27.79,-16.71
-77.9,-27.76,-16.65
-77.66,-27.73,-16.6
-77.43,-27.7,-16.55
-77.19,-27.66,-16.49
-76.95,-27.63,-16.44
-76.72,-27.6,-16.39
-76.48,-27.56,-16.33
-76.25,-27.53,-16.28
-76.01,-27.49,-16.23
-75.78,-27.46,-16.17
-75.54,-27.42,-16.12
-75.31,-27.39,-16.07
-75.07,-27.35,-16.01
-74.83,-27.31,-15.96
-74.6,-27.28,-15.91
-74.36,-27.24,-15.85
-74.13,-27.2,-15.8
-73.89,-27.16,-15.75
-73.66,-27.12,-15.69
-73.42,-27.08,-15.64
-73.19,-27.04,-15.59
-72.95,-27.0,-15.53
-72.71,-26.96,-15.48
-72.48,-26.92,-15.43
-72.24,-26.88,-15.37
-72.01,-26.84,-15.32
-71.77,-26.8,-15.27
-71.54,-26.75,-15.21
-71.3,-26.71,-15.16
-71.07,-26.67,-15.11
-70.83,-26.62,-15.05
-70.59,-26.58,-15.0
-70.36,-26.53,-14.95
-70.12,-26.49,-14.89
-69.89,-26.44,-14.84
-69.65,-26.39,-14.79
-69.42,-26.35,-14.73
-69.18,-26.3,-14.68
-68.95,-26.25,-14.63
-68.71,-26.2,-14.57
-68.48,-26.15,-14.52
-68.24,-26.11,-14.47
-68.0,-26.06,-14.41
-67.77,-26.01,-14.36
-67.53,-25.96,-14.31
-67.3,-25.91,-14.25
-67.06,-25.85,-14.2
-66.83,-25.8,-14.15
-66.59,-25.75,-14.09
-66.36,-25.7,-14.04
-66.12,-25.65,-13.99
-65.88,-25.59,-13.93
-65.65,-25.54,-13.88
-65.41,-25.48,-13.83
-65.18,-25.43,-13.77
-64.94,-25.38,-13.72
-64.71,-25.32,-13.67
-64.47,-25.26,-13.61
-64.24,-25.21,-13.56
-64.0,-25.15,-13.51
-63.76,-25.09,-13.45
-63.53,-25.04,-13.4
-63.29,-24.98,-13.35
-63.06,-24.92,-13.29
-62.82,-24.86,-13.24
-62.59,-24.8,-13.19
-62.35,-24.74,-13.13
-62.12,-24.68,-13.08
-61.88,-24.62,-13.03
-61.64,-24.56,-12.97
-61.41,-24.5,-12.92
-61.17,-24.44,-12.87
-60.94,-24.38,-12.81
-60.7,-24.31,-12.76
-60.47,-24.25,-12.71
-60.23,-24.19,-12.65
-60.0,-24.13,-12.6
-59.76,-24.06,-12.55
-59.52,-24.0,-12.49
-59.29,-23.93,-12.44
-59.05,-23.87,-12.39
-58.82,-23.8,-12.33
-58.58,-23.73,-12.28
-58.35,-23.67,-12.23
-58.11,-23.6,-12.17
-57.88,-23.53,-12.12
-57.64,-23.47,-12.07
-57.41,-23.4,-12.01
-57.17,-23.33,-11.96
-56.93,-23.26,-11.91
-56.7,-23.19,-11.85
-56.46,-23.12,-11.8
-56.23,-23.05,-11.74
-55.99,-22.98,-11.69
-55.76,-22.91,-11.64
-55.52,-22.84,-11.58
-55.29,-22.77,-11.53
-55.05,-22.7,-11.48
-54.81,-22.62,-11.42
-54.58,-22.55,-11.37
-54.34,-22.48,-11.32
-54.11,-22.4,-11.26
-53.87,-22.33,-11.21
-53.64,-22.26,-11.16
-53.4,-22.18,-11.1
-53.17,-22.11,-11.05
-52.93,-22.03,-11.0
-52.69,-21.95,-10.94
-52.46,-21.88,-10.89
-52.22,-21.8,-10.84
-51.99,-21.72,-10.78
-51.75,-21.65,-10.73
-51.52,-21.57,-10.68
-51.28,-21.49,-10.62
-51.05,-21.41,-10.57
-50.81,-21.33,-10.52
-50.57,-21.26,-10.46
-50.34,-21.18,-10.41
-50.1,-21.1,-10.36
-49.87,-21.02,-10.3
-49.63,-20.93,-10.25
-49.4,-20.85,-10.2
-49.16,-20.77,-10.14
-48.93,-20.69,-10.09
-48.69,-20.61,-10.04
-48.46,-20.53,-9.98
-48.22,-20.44,-9.93
-47.98,-20.36,-9.88
-47.75,-20.28,-9.82
-47.51,-20.19,-9.77
-47.28,-20.11,-9.72
-47.04,-20.02,-9.66
-46.81,-19.94,-9.61
-46.57,-19.85,-9.56
-46.34,-19.77,-9.5
-46.1,-19.68,-9.45
-45.86,-19.6,-9.4
-45.63,-19.51,-9.34
-45.39,-19.42,-9.29
-45.16,-19.34,-9.24
-44.92,-19.25,-9.18
-44.69,-19.16,-9.13
-44.45,-19.07,-9.08
-44.22,-18.98,-9.02
-43.98,-18.89,-8.97
-43.74,-18.81,-8.92
-43.51,-18.72,-8.86
-43.27,-18.63,-8.81
-43.04,-18.54,-8.76
-42.8,-18.45,-8.7
-42.57,-18.35,-8.65
-42.33,-18.26,-8.6
-42.1,-18.17,-8.54
-41.86,-18.08,-8.49
-41.62,-17.99,-8.44
-41.39,-17.9,-8.38
-41.15,-17.8,-8.33
-40.92,-17.71,-8.28
-40.68,-17.62,-8.22
-40.45,-17.52,-8.17
-40.21,-17.43,-8.12
-39.98,-17.33,-8.06
-39.74,-17.24,-8.01
-39.5,-17.15,-7.96
-39.27,-17.05,-7.9
-39.03,-16.95,-7.85
-38.8,-16.86,-7.8
-38.56,-16.76,-7.74
-38.33,-16.67,-7.69
-38.09,-16.57,-7.64
-37.86,-16.47,-7.58
-37.62,-16.38,-7.53
-37.39,-16.28,-7.48
-37.15,-16.18,-7.42
-36.91,-16.08,-7.37
-36.68,-15.98,-7.32
-36.44,-15.89,-7.26
-36.21,-15.79,-7.21
-35.97,-15.69,-7.16
-35.74,-15.59,-7.1
-35.5,-15.49,-7.05
-35.27,-15.39,-7.0
-35.03,-15.29,-6.94
-34.79,-15.19,-6.89
-34.56,-15.09,-6.84
-34.32,-14.99,-6.78
-34.09,-14.89,-6.73
-33.85,-14.78,-6.67
-33.62,-14.68,-6.62
-33.38,-14.58,-6.57
-33.15,-14.48,-6.51
-32.91,-14.38,-6.46
-32.67,-14.27,-6.41
-32.44,-14.17,-6.35
-32.2,-14.07,-6.3
-31.97,-13.96,-6.25
-31.73,-13.86,-6.19
-31.5,-13.76,-6.14
-31.26,-13.65,-6.09
-31.03,-13.55,-6.03
-30.79,-13.44,-5.98
-30.55,-13.34,-5.93
-30.32,-13.23,-5.87
-29.99,-13.08,-5.8
-29.65,-12.93,-5.73
-29.32,-12.77,-5.66
-28.98,-12.62,-5.59
-28.65,-12.47,-5.52
-28.32,-12.31,-5.45
-27.98,-12.16,-5.38
-27.65,-12.01,-5.31
-27.32,-11.85,-5.25
-26.99,-11.7,-5.18
-26.65,-11.55,-5.11
-26.32,-11.39,-5.04
-25.99,-11.24,-4.97
-25.66,-11.09,-4.9
-25.33,-10.94,-4.83
-25.0,-10.79,-4.76
-24.66,-10.63,-4.69
-24.33,-10.48,-4.62
-24.0,-10.33,-4.55
-23.67,-10.18,-4.48
-23.34,-10.03,-4.42
-23.02,-9.88,-4.35
-22.69,-9.73,-4.28
-22.36,-9.58,-4.21
-22.03,-9.43,-4.14
-21.7,-9.28,-4.08
-21.38,-9.13,-4.01
-21.05,-8.98,-3.94
-20.73,-8.84,-3.87
-20.4,-8.69,-3.81
-20.08,-8.54,-3.74
-19.75,-8.39,-3.68
-19.43,-8.25,-3.61
-19.11,-8.1,-3.54
-18.79,-7.96,-3.48
-18.47,-7.81,-3.41
-18.15,-7.67,-3.35
-17.83,-7.52,-3.28
-17.51,-7.38,-3.22
-17.19,-7.24,-3.15
-16.87,-7.1,-3.09
-16.56,-6.95,-3.03
-16.24,-6.81,-2.96
-15.93,-6.67,-2.9
-15.61,-6.53,-2.84
-15.3,-6.39,-2.77
-14.99,-6.25,-2.71
-14.67,-6.12,-2.65
-14.36,-5.98,-2.59
-14.05,-5.84,-2.53
-13.75,-5.71,-2.47
-13.44,-5.57,-2.41
-13.13,-5.44,-2.35
-12.83,-5.3,-2.29
-12.52,-5.17,-2.23
-12.22,-5.04,-2.17
-11.91,-4.9,-2.11
-11.61,-4.77,-2.05
-11.31,-4.64,-1.99
-11.01,-4.51,-1.94
-10.71,-4.38,-1.88
-10.42,-4.25,-1.82
-10.12,-4.13,-1.77
-9.82,-4.0,-1.71
-9.53,-3.87,-1.66
-9.24,-3.75,-1.6
-8.95,-3.62,-1.55
-8.65,-3.5,-1.49
-8.36,-3.38,-1.44
-8.08,-3.26,-1.39
-7.79,-3.13,-1.33
-7.5,-3.01,-1.28
-7.22,-2.89,-1.23
-6.93,-2.78,-1.18
-6.65,-2.66,-1.13
-6.37,-2.54,-1.08
-6.09,-2.42,-1.02
-5.81,-2.31,-0.98
-5.53,-2.19,-0.93
-5.26,-2.08,-0.88
-4.98,-1.97,-0.83
-4.71,-1.86,-0.78
-4.43,-1.75,-0.73
-4.16,-1.64,-0.69
-3.89,-1.53,-0.64
-3.62,-1.42,-0.59
-3.36,-1.31,-0.55
-3.09,-1.2,-0.5
-2.83,-1.1,-0.46
-2.56,-0.99,-0.42
-2.3,-0.89,-0.37
-2.04,-0.79,-0.33
-1.78,-0.69,-0.29
-1.52,-0.59,-0.24
-1.26,-0.49,-0.2
-1.01,-0.39,-0.16
-0.75,-0.29,-0.12
-0.5,-0.19,-0.08
-0.25,-0.09,-0.04
-146.29,138.98,39.85
-146.48,138.82,39.73
-146.66,138.67,39.61
-146.85,138.51,39.48
-147.03,138.35,39.36
-147.22,138.2,39.24
-147.4,138.04,39.12
-147.59,137.89,38.99
-147.77,137.73,38.87
-147.96,137.58,38.75
-148.14,137.42,38.62
-148.33,137.26,38.5
-148.51,137.11,38.38
-148.7,136.95,38.26
-148.88,136.8,38.13
-149.07,136.64,38.01
-149.25,136.49,37.89
-149.44,136.33,37.76
-149.62,136.17,37.64
-149.81,136.02,37.52
-149.99,135.86,37.4
-150.18,135.71,37.27
-150.36,135.55,37.15
-150.55,135.4,37.03
-150.73,135.24,36.91
-150.91,135.08,36.78
-151.1,134.93,36.66
-151.28,134.77,36.54
-151.47,134.62,36.41
-151.65,134.46,36.29
-151.83,134.3,36.17
-152.02,134.15,36.05
-152.2,133.99,35.92
-152.39,133.84,35.8
-152.57,133.68,35.68
-152.75,133.53,35.56
-152.94,133.37,35.43
-153.12,133.21,35.31
-153.3,133.06,35.19
-153.49,132.9,35.07
-153.67,132.75,34.94
-153.85,132.59,34.82
-154.03,132.43,34.7
-154.22,132.28,34.58
-154.4,132.12,34.45
-154.58,131.96,34.33
-154.77,131.81,34.21
-154.95,131.65,34.09
-155.13,131.5,33.96
-155.31,131.34,33.84
-155.49,131.18,33.72
-155.68,131.03,33.6
-155.86,130.87,33.48
-156.04,130.71,33.35
-156.22,130.56,33.23
-156.4,130.4,33.11
-156.58,130.24,32.99
-156.76,130.09,32.87
-156.94,129.93,32.74
-157.12,129.78,32.62
-157.3,129.62,32.5
-157.48,129.46,32.38
-157.66,129.31,32.26
-157.84,129.15,32.13
-158.02,128.99,32.01
-158.2,128.84,31.89
-158.38,128.68,31.77
-158.56,128.52,31.65
-158.74,128.36,31.52
-158.92,128.21,31.4
-159.1,128.05,31.28
-159.28,127.89,31.16
-159.46,127.74,31.04
-159.63,127.58,30.92
-159.81,127.42,30.8
-159.99,127.27,30.67
-160.17,127.11,30.55
-160.35,126.95,30.43
-160.52,126.79,30.31
-160.7,126.64,30.19
-160.88,126.48,30.07
-161.05,126.32,29.95
-161.23,126.16,29.82
-161.41,126.01,29.7
-161.58,125.85,29.58
-161.76,125.69,29.46
-161.93,125.53,29.34
-162.11,125.38,29.22
-162.28,125.22,29.1
-162.46,125.06,28.98
-162.63,124.9,28.86
-162.81,124.75,28.74
-162.98,124.59,28.62
-163.16,124.43,28.5
-163.33,124.27,28.37
-163.5,124.11,28.25
-163.68,123.96,28.13
-163.85,123.8,28.01
-164.02,123.64,27.89
-164.19,123.48,27.77
-164.37,123.32,27.65
-164.54,123.17,27.53
-164.71,123.01,27.41
-164.88,122.85,27.29
-165.05,122.69,27.17
-165.22,122.53,27.05
-165.39,122.37,26.93
-165.56,122.21,26.81
-165.73,122.06,26.69
-165.9,121.9,26.57
-166.07,121.74,26.45
-166.24,121.58,26.33
-166.41,121.42,26.21
-166.58,121.26,26.09
-166.75,121.1,25.97
-166.92,120.94,25.85
-167.08,120.78,25.73
-167.25,120.63,25.62
-167.42,120.47,25.5
-167.59,120.31,25.38
-167.75,120.15,25.26
-167.92,119.99,25.14
-168.09,119.83,25.02
-168.25,119.67,24.9
-168.42,119.51,24.78
-168.58,119.35,24.66
-168.75,119.19,24.54
-168.91,119.03,24.43
-169.07,118.87,24.31
-169.24,118.71,24.19
-169.4,118.55,24.07
-169.56,118.39,23.95
-169.73,118.23,23.83
-169.89,118.07,23.71
-170.05,117.91,23.6
-170.21,117.75,23.48
-170.38,117.59,23.36
-170.54,117.43,23.24
-170.7,117.27,23.12
-170.86,117.11,23.01
-171.02,116.95,22.89
-171.18,116.79,22.77
-171.34,116.63,22.65
-171.5,116.46,22.53
-171.65,116.3,22.42
-171.81,116.14,22.3
-171.97,115.98,22.18
-172.13,115.82,22.06
-172.28,115.66,21.95
-172.44,115.5,21.83
-172.6,115.34,21.71
-172.75,115.18,21.6
-172.91,115.01,21.48
-173.07,114.85,21.36
-173.22,114.69,21.24
-173.37,114.53,21.13
-173.53,114.37,21.01
-173.68,114.2,20.89
-173.84,114.04,20.78
-173.99,113.88,20.66
-174.14,113.72,20.55
-174.29,113.56,20.43
-174.45,113.39,20.31
-174.6,113.23,20.2
-174.75,113.07,20.08
-174.9,112.91,19.96
-175.05,112.74,19.85
-175.2,112.58,19.73
-175.35,112.42,19.62
-175.5,112.26,19.5
-175.64,112.09,19.39
-175.79,111.93,19.27
-175.94,111.77,19.16
-176.09,111.6,19.04
-176.23,111.44,18.92
-176.38,111.28,18.81
-176.53,111.11,18.69
-176.67,110.95,18.58
-176.82,110.79,18.46
-176.96,110.62,18.35
-177.11,110.46,18.24
-177.25,110.29,18.12
-177.39,110.13,18.01
-177.54,109.97,17.89
-177.68,109.8,17.78
-177.82,109.64,17.66
-177.96,109.47,17.55
-178.1,109.31,17.43
-178.24,109.14,17.32
-178.38,108.98,17.21
-178.52,108.81,17.09
-178.66,108.65,16.98
-178.8,108.49,16.87
-178.94,108.32,16.75
-179.08,108.16,16.64
-179.22,107.99,16.53
-179.35,107.82,16.41
-179.49,107.66,16.3
-179.63,107.49,16.19
-179.76,107.33,16.07
-179.9,107.16,15.96
-180.03,107.0,15.85
-180.16,106.83,15.73
-180.3,106.66,15.62
-180.43,106.5,15.51
-180.56,106.33,15.4
-180.7,106.17,15.28
-180.83,106.0,15.17
-180.96,105.83,15.06
-181.09,105.67,14.95
-181.22,105.5,14.84
-181.35,105.33,14.72
-181.48,105.17,14.61
-181.61,105.0,14.5
-181.74,104.83,14.39
-181.86,104.67,14.28
-181.99,104.5,14.17
-182.12,104.33,14.06
-182.24,104.16,13.94
-182.37,104.0,13.83
-182.49,103.83,13.72
-182.62,103.66,13.61
-182.74,103.49,13.5
-182.87,103.32,13.39
-182.99,103.16,13.28
-183.11,102.99,13.17
-183.23,102.82,13.06
-183.36,102.65,12.95
-183.48,102.48,12.84
-183.6,102.32,12.73
-183.72,102.15,12.62
-183.84,101.98,12.51
-183.95,101.81,12.4
-184.07,101.64,12.29
-184.19,101.47,12.18
-184.31,101.3,12.07
-184.42,101.13,11.96
-184.54,100.96,11.85
-184.66,100.79,11.75
-184.77,100.62,11.64
-184.89,100.45,11.53
-185.0,100.28,11.42
-185.11,100.11,11.31
-185.23,99.94,11.2
-185.34,99.77,11.09
-185.45,99.6,10.99
-185.56,99.43,10.88
-185.67,99.26,10.77
-185.78,99.09,10.66
-185.89,98.92,10.55
-186.0,98.75,10.45
-186.11,98.58,10.34
-186.22,98.41,10.23
-186.32,98.24,10.12
-186.43,98.06,10.02
-186.54,97.89,9.91
-186.64,97.72,9.8
-186.75,97.55,9.7
-186.85,97.38,9.59
-186.95,97.21,9.48
-187.06,97.03,9.38
-187.16,96.86,9.27
-187.26,96.69,9.16
-187.36,96.52,9.06
-187.46,96.34,8.95
-187.56,96.17,8.85
-187.66,96.0,8.74
-187.76,95.83,8.63
-187.86,95.65,8.53
-187.96,95.48,8.42
-188.06,95.31,8.32
-188.15,95.13,8.21
-188.25,94.96,8.11
-188.35,94.79,8.0
-188.44,94.61,7.9
-188.53,94.44,7.79
-188.63,94.27,7.69
-188.72,94.09,7.58
-188.81,93.92,7.48
-188.91,93.74,7.37
-189.0,93.57,7.27
-189.09,93.39,7.17
-189.18,93.22,7.06
-189.27,93.04,6.96
-189.36,92.87,6.86
-189.44,92.69,6.75
-189.53,92.52,6.65
-189.62,92.34,6.55
-189.7,92.17,6.44
-189.79,91.99,6.34
-189.88,91.82,6.24
-189.96,91.64,6.13
-190.04,91.47,6.03
-190.13,91.29,5.93
-190.21,91.11,5.83
-190.29,90.94,5.72
-190.37,90.76,5.62
-190.45,90.58,5.52
-190.53,90.41,5.42
-190.61,90.23,5.32
-190.69,90.05,5.21
-190.77,89.88,5.11
-190.85,89.7,5.01
-190.92,89.52,4.91
-191.0,89.35,4.81
-191.08,89.17,4.71
-191.15,88.99,4.61
-191.23,88.81,4.51
-191.3,88.63,4.41
-191.37,88.46,4.31
-191.45,88.28,4.21
-191.52,88.1,4.1
-191.59,87.92,4.0
-191.66,87.74,3.9
-191.73,87.56,3.8
-191.8,87.39,3.71
-191.87,87.21,3.61
-191.93,87.03,3.51
-192.0,86.85,3.41
-192.07,86.67,3.31
-192.13,86.49,3.21
-192.2,86.31,3.11
-192.26,86.13,3.01
-192.33,85.95,2.91
-192.39,85.77,2.81
-192.45,85.59,2.72
-192.52,85.41,2.62
-192.58,85.23,2.52
-192.64,85.05,2.42
-192.7,84.87,2.32
-192.76,84.69,2.23
-192.82,84.51,2.13
-192.87,84.33,2.03
-192.93,84.14,1.93
-192.99,83.96,1.84
-193.04,83.78,1.74
-193.1,83.6,1.64
-193.15,83.42,1.54
-193.21,83.24,1.45
-193.26,83.05,1.35
-193.31,82.87,1.26
-193.37,82.69,1.16
-193.42,82.51,1.06
-193.47,82.32,0.97
-193.52,82.14,0.87
-193.57,81.96,0.78
-193.62,81.78,0.68
-193.66,81.59,0.58
-193.71,81.41,0.49
-193.76,81.23,0.39
-193.8,81.04,0.3
-193.85,80.86,0.2
-193.89,80.68,0.11
-193.94,80.49,0.01
-193.98,80.31,-0.08
-194.02,80.12,-0.17
-194.07,79.94,-0.27
-194.11,79.75,-0.36
-194.15,79.57,-0.46
-194.19,79.39,-0.55
-194.23,79.2,-0.64
-194.26,79.02,-0.74
-194.3,78.83,-0.83
-194.34,78.65,-0.92
-194.38,78.46,-1.02
-194.41,78.27,-1.11
-194.45,78.09,-1.2
-194.48,77.9,-1.3
-194.51,77.72,-1.39
-194.55,77.53,-1.48
-194.58,77.34,-1.57
-194.61,77.16,-1.67
-194.64,76.97,-1.76
-194.67,76.78,-1.85
-194.7,76.6,-1.94
-194.73,76.41,-2.03
-194.76,76.22,-2.12
-194.79,76.04,-2.22
-194.81,75.85,-2.31
-194.84,75.66,-2.4
-194.86,75.47,-2.49
-194.89,75.29,-2.58
-194.91,75.1,-2.67
-194.94,74.91,-2.76
-194.96,74.72,-2.85
-194.98,74.53,-2.94
-195.0,74.35,-3.03
-195.02,74.16,-3.12
-195.04,73.97,-3.21
-195.06,73.78,-3.3
-195.08,73.59,-3.39
-195.1,73.4,-3.48
-195.11,73.21,-3.57
-195.13,73.02,-3.66
-195.14,72.83,-3.75
-195.16,72.64,-3.84
-195.17,72.45,-3.92
-195.19,72.26,-4.01
-195.2,72.07,-4.1
-195.21,71.88,-4.19
-195.22,71.69,-4.28
-195.23,71.5,-4.37
-195.24,71.31,-4.45
-195.25,71.12,-4.54
-195.26,70.93,-4.63
-195.27,70.74,-4.72
-195.28,70.55,-4.8
-195.28,70.36,-4.89
-195.29,70.16,-4.98
-195.29,69.97,-5.07
-195.3,69.78,-5.15
-195.3,69.59,-5.24
-195.3,69.4,-5.32
-195.31,69.2,-5.41
-195.31,69.01,-5.5
-195.31,68.82,-5.58
-195.31,68.63,-5.67
-195.31,68.43,-5.75
-195.31,68.24,-5.84
-195.3,68.05,-5.93
-195.3,67.86,-6.01
-195.3,67.66,-6.1
-195.29,67.47,-6.18
-195.29,67.27,-6.27
-195.28,67.08,-6.35
-195.28,66.89,-6.44
-195.27,66.69,-6.52
-195.26,66.5,-6.6
-195.26,66.3,-6.69
-195.25,66.11,-6.77
-195.24,65.92,-6.86
-195.23,65.72,-6.94
-195.21,65.53,-7.02
-195.2,65.33,-7.11
-195.19,65.14,-7.19
-195.18,64.94,-7.27
-195.16,64.74,-7.36
-195.15,64.55,-7.44
-195.13,64.35,-7.52
-195.12,64.16,-7.61
-195.1,63.96,-7.69
-195.08,63.77,-7.77
-195.06,63.57,-7.85
-195.05,63.37,-7.93
-195.03,63.18,-8.02
-195.01,62.98,-8.1
-194.99,62.78,-8.18
-194.96,62.59,-8.26
-194.94,62.39,-8.34
-194.92,62.19,-8.42
-194.89,61.99,-8.51
-194.87,61.8,-8.59
-194.84,61.6,-8.67
-194.82,61.4,-8.75
-194.79,61.2,-8.83
-194.77,61.0,-8.91
-194.74,60.81,-8.99
-194.71,60.61,-9.07
-194.68,60.41,-9.15
-194.65,60.21,-9.23
-194.62,60.01,-9.31
-194.59,59.81,-9.39
-194.56,59.61,-9.47
-194.52,59.41,-9.55
-194.49,59.21,-9.63
-194.45,59.02,-9.71
-194.42,58.82,-9.78
-194.38,58.62,-9.86
-194.35,58.42,-9.94
-194.31,58.22,-10.02
-194.27,58.02,-10.1
-194.24,57.82,-10.18
-194.2,57.61,-10.25
-194.16,57.41,-10.33
-194.12,57.21,-10.41
-194.08,57.01,-10.49
-194.03,56.81,-10.57
-193.99,56.61,-10.64
-193.95,56.41,-10.72
-193.9,56.21,-10.8
-193.86,56.01,-10.87
-193.81,55.8,-10.95
-193.77,55.6,-11.03
-193.72,55.4,-11.1
-193.67,55.2,-11.18
-193.63,55.0,-11.26
-193.58,54.79,-11.33
-193.53,54.59,-11.41
-193.48,54.39,-11.49
-193.43,54.19,-11.56
-193.38,53.98,-11.64
-193.32,53.78,-11.71
-193.27,53.58,-11.79
-193.22,53.37,-11.86
-193.16,53.17,-11.94
-193.11,52.97,-12.01
-193.05,52.76,-12.09
-193.0,52.56,-12.16
-192.94,52.35,-12.24
-192.88,52.15,-12.31
-192.83,51.95,-12.39
-192.77,51.74,-12.46
-192.71,51.54,-12.53
-192.65,51.33,-12.61
-192.59,51.13,-12.68
-192.53,50.92,-12.75
-192.46,50.72,-12.83
-192.4,50.51,-12.9
-192.34,50.31,-12.97
-192.27,50.1,-13.05
-192.21,49.9,-13.12
-192.14,49.69,-13.19
-192.08,49.48,-13.27
-192.01,49.28,-13.34
-191.94,49.07,-13.41
-191.88,48.87,-13.48
-191.81,48.66,-13.56
-191.74,48.45,-13.63
-191.67,48.25,-13.7
-191.6,48.04,-13.77
-191.53,47.83,-13.84
-191.45,47.63,-13.91
-191.38,47.42,-13.99
-191.31,47.21,-14.06
-191.23,47.0,-14.13
-191.16,46.8,-14.2
-191.08,46.59,-14.27
-191.01,46.38,-14.34
-190.93,46.17,-14.41
-190.85,45.96,-14.48
-190.78,45.76,-14.55
-190.7,45.55,-14.62
-190.62,45.34,-14.69
-190.54,45.13,-14.76
-190.46,44.92,-14.83
-190.38,44.71,-14.9
-190.3,44.5,-14.97
-190.21,44.29,-15.04
-190.13,44.09,-15.11
-190.05,43.88,-15.18
-189.96,43.67,-15.25
-189.88,43.46,-15.32
-189.79,43.25,-15.38
-189.71,43.04,-15.45
-189.62,42.83,-15.52
-189.53,42.62,-15.59
-189.44,42.41,-15.66
-189.36,42.2,-15.73
-189.27,41.99,-15.79
-189.18,41.78,-15.86
-189.09,41.56,-15.93
-189.0,41.35,-16.0
-188.9,41.14,-16.07
-188.81,40.93,-16.13
-188.72,40.72,-16.2
-188.62,40.51,-16.27
-188.53,40.3,-16.33
-188.44,40.09,-16.4
-188.34,39.87,-16.47
-188.24,39.66,-16.53
-188.15,39.45,-16.6
-188.05,39.24,-16.67
-187.95,39.03,-16.73
-187.85,38.81,-16.8
-187.76,38.6,-16.87
-187.66,38.39,-16.93
-187.56,38.18,-17.0
-187.45,37.96,-17.06
-187.35,37.75,-17.13
-187.25,37.54,-17.19
-187.15,37.32,-17.26
-187.05,37.11,-17.33
-186.94,36.9,-17.39
-186.84,36.68,-17.46
-186.73,36.47,-17.52
-186.63,36.26,-17.59
-186.52,36.04,-17.65
-186.41,35.83,-17.71
-186.31,35.61,-17.78
-186.2,35.4,-17.84
-186.09,35.18,-17.91
-185.98,34.97,-17.97
-185.87,34.76,-18.04
-185.76,34.54,-18.1
-185.65,34.33,-18.16
-185.54,34.11,-18.23
-185.43,33.9,-18.29
-185.32,33.68,-18.35
-185.2,33.47,-18.42
-185.09,33.25,-18.48
-184.97,33.03,-18.54
-184.86,32.82,-18.61
-184.74,32.6,-18.67
-184.63,32.39,-18.73
-184.51,32.17,-18.79
-184.4,31.96,-18.86
-184.28,31.74,-18.92
-184.16,31.52,-18.98
-184.04,31.31,-19.04
-183.92,31.09,-19.1
-183.8,30.87,-19.17
-183.68,30.66,-19.23
-183.56,30.44,-19.29
-183.44,30.22,-19.35
-183.32,30.01,-19.41
-183.2,29.79,-19.47
-183.07,29.57,-19.54
-182.95,29.35,-19.6
-182.82,29.14,-19.66
-182.7,28.92,-19.72
-182.57,28.7,-19.78
-182.45,28.48,-19.84
-182.32,28.27,-19.9
-182.2,28.05,-19.96
-182.07,27.83,-20.02
-181.94,27.61,-20.08
-181.81,27.39,-20.14
-181.68,27.17,-20.2
-181.55,26.96,-20.26
-181.42,26.74,-20.32
-181.29,26.52,-20.38
-181.16,26.3,-20.44
-181.03,26.08,-20.5
-180.9,25.86,-20.56
-180.77,25.64,-20.62
-180.64,25.42,-20.68
-180.5,25.2,-20.74
-180.37,24.98,-20.8
-180.23,24.77,-20.86
-180.1,24.55,-20.92
-179.96,24.33,-20.97
-179.83,24.11,-21.03
-179.69,23.89,-21.09
-179.55,23.67,-21.15
-179.42,23.45,-21.21
-179.28,23.23,-21.27
-179.14,23.01,-21.33
-179.0,22.78,-21.38
-178.86,22.56,-21.44
-178.72,22.34,-21.5
-178.58,22.12,-21.56
-178.44,21.9,-21.61
-178.3,21.68,-21.67
-178.16,21.46,-21.73
-178.02,21.24,-21.79
-177.87,21.02,-21.84
-177.73,20.8,-21.9
-177.59,20.58,-21.96
-177.44,20.35,-22.02
-177.3,20.13,-22.07
-177.15,19.91,-22.13
-177.01,19.69,-22.19
-176.86,19.47,-22.24
-176.72,19.24,-22.3
-176.57,19.02,-22.36
-176.42,18.8,-22.41
-176.27,18.58,-22.47
-176.13,18.36,-22.53
-175.98,18.13,-22.58
-175.83,17.91,-22.64
-175.68,17.69,-22.69
-175.53,17.47,-22.75
-175.38,17.24,-22.81
-175.23,17.02,-22.86
-175.08,16.8,-22.92
-174.93,16.57,-22.97
-174.77,16.35,-23.03
-174.62,16.13,-23.08
-174.47,15.91,-23.14
-174.32,15.68,-23.19
-174.16,15.46,-23.25
-174.01,15.24,-23.3
-173.85,15.01,-23.36
-173.7,14.79,-23.41
-173.54,14.56,-23.47
-173.39,14.34,-23.52
-173.23,14.12,-23.58
-173.08,13.89,-23.63
-172.92,13.67,-23.69
-172.76,13.44,-23.74
-172.6,13.22,-23.8
-172.45,13.0,-23.85
-172.29,12.77,-23.9
-172.13,12.55,-23.96
-171.97,12.32,-24.01
-171.81,12.1,-24.07
-171.65,11.87,-24.12
-171.49,11.65,-24.17
-171.33,11.42,-24.23
-171.17,11.2,-24.28
-171.01,10.97,-24.34
-170.84,10.75,-24.39
-170.68,10.52,-24.44
-170.52,10.3,-24.5
-170.36,10.07,-24.55
-170.19,9.85,-24.6
-170.03,9.62,-24.65
-169.87,9.4,-24.71
-169.7,9.17,-24.76
-169.54,8.95,-24.81
-169.37,8.72,-24.87
-169.21,8.49,-24.92
-169.04,8.27,-24.97
-168.87,8.04,-25.02
-168.71,7.82,-25.08
-168.54,7.59,-25.13
-168.37,7.36,-25.18
-168.21,7.14,-25.23
-168.04,6.91,-25.29
-167.87,6.69,-25.34
-167.7,6.46,-25.39
-167.53,6.23,-25.44
-167.36,6.01,-25.5
-167.19,5.78,-25.55
-167.02,5.55,-25.6
-166.85,5.33,-25.65
-166.68,5.1,-25.7
-166.51,4.87,-25.75
-166.34,4.65,-25.81
-166.17,4.42,-25.86
-166.0,4.19,-25.91
-165.83,3.97,-25.96
-165.65,3.73,-26.01
-165.47,3.49,-26.06
-165.28,3.26,-26.12
-165.1,3.02,-26.17
-164.92,2.78,-26.22
-164.74,2.55,-26.27
-164.56,2.31,-26.32
-164.38,2.08,-26.37
-164.2,1.84,-26.42
-164.02,1.61,-26.48
-163.84,1.37,-26.53
-163.66,1.14,-26.58
-163.48,0.9,-26.63
-163.29,0.67,-26.68
-163.11,0.43,-26.73
-162.93,0.2,-26.78
-162.75,-0.04,-26.83
-162.57,-0.27,-26.88
-162.39,-0.5,-26.93
-162.21,-0.74,-26.98
-162.02,-0.97,-27.03
-161.84,-1.2,-27.08
-161.66,-1.43,-27.13
-161.48,-1.66,-27.18
-161.3,-1.89,-27.23
-161.11,-2.12,-27.27
-160.93,-2.35,-27.32
-160.75,-2.58,-27.37
-160.57,-2.81,-27.42
-160.38,-3.04,-27.46
-160.2,-3.27,-27.51
-160.02,-3.5,-27.56
-159.83,-3.72,-27.61
-159.65,-3.95,-27.65
-159.47,-4.17,-27.7
-159.28,-4.4,-27.74
-159.1,-4.62,-27.79
-158.91,-4.85,-27.83
-158.73,-5.07,-27.88
-158.54,-5.29,-27.92
-158.36,-5.51,-27.97
-158.17,-5.73,-28.01
-157.99,-5.95,-28.05
-157.8,-6.17,-28.09
-157.62,-6.39,-28.14
-157.43,-6.61,-28.18
-157.25,-6.83,-28.22
-157.06,-7.04,-28.26
-156.87,-7.26,-28.3
-156.69,-7.47,-28.34
-156.5,-7.69,-28.38
-156.31,-7.9,-28.42
-156.12,-8.11,-28.46
-155.94,-8.32,-28.5
-155.75,-8.53,-28.54
-155.56,-8.74,-28.57
-155.37,-8.95,-28.61
-155.18,-9.16,-28.65
-154.99,-9.37,-28.68
-154.8,-9.57,-28.72
-154.61,-9.78,-28.75
-154.42,-9.98,-28.79
-154.23,-10.18,-28.82
-154.04,-10.38,-28.85
-153.85,-10.58,-28.89
-153.66,-10.78,-28.92
-153.47,-10.98,-28.95
-153.28,-11.18,-28.98
-153.09,-11.37,-29.01
-152.89,-11.57,-29.04
-152.7,-11.76,-29.07
-152.51,-11.96,-29.1
-152.31,-12.15,-29.13
-152.12,-12.34,-29.15
-151.93,-12.53,-29.18
-151.73,-12.72,-29.21
-151.54,-12.9,-29.23
-151.34,-13.09,-29.26
-151.15,-13.27,-29.28
-150.95,-13.46,-29.31
-150.75,-13.64,-29.33
-150.56,-13.82,-29.35
-150.36,-14.0,-29.37
-150.16,-14.18,-29.4
-149.97,-14.36,-29.42
-149.77,-14.53,-29.44
-149.57,-14.71,-29.45
-149.37,-14.88,-29.47
-149.17,-15.06,-29.49
-148.97,-15.23,-29.51
-148.77,-15.4,-29.53
-148.58,-15.57,-29.54
-148.37,-15.73,-29.56
-148.17,-15.9,-29.57
-147.97,-16.06,-29.58
-147.77,-16.23,-29.6
-147.57,-16.39,-29.61
-147.37,-16.55,-29.62
-147.16,-16.71,-29.63
-146.96,-16.87,-29.64
-146.76,-17.03,-29.65
-146.55,-17.18,-29.66
-146.35,-17.34,-29.67
-146.15,-17.49,-29.68
-145.94,-17.64,-29.68
-145.74,-17.79,-29.69
-145.53,-17.94,-29.7
-145.32,-18.09,-29.7
-145.12,-18.23,-29.7
-144.91,-18.38,-29.71
-144.7,-18.52,-29.71
-144.5,-18.66,-29.71
-144.29,-18.8,-29.71
-144.08,-18.94,-29.71
-143.87,-19.08,-29.71
-143.66,-19.22,-29.71
